treatment,session_id,participant_id,question,answer,correct,numeracy_score
B,20210625_1400,giaw6638,1,150,150,1
B,20210625_1400,giaw6638,2,100,100,1
B,20210625_1400,giaw6638,3,9000,9000,1
B,20210625_1400,giaw6638,4,400000,400000,1
B,20210625_1400,giaw6638,5,242,242,1
B,20210625_1400,giaw6638,6,3,3,1
B,20210625_1400,giaw6638,7,2,2,1
B,20210625_1400,ty10jr1q,1,150,150,1
B,20210625_1400,ty10jr1q,2,100,100,1
B,20210625_1400,ty10jr1q,3,9000,9000,1
B,20210625_1400,ty10jr1q,4,400000,400000,1
B,20210625_1400,ty10jr1q,5,242,242,1
B,20210625_1400,ty10jr1q,6,3,3,1
B,20210625_1400,ty10jr1q,7,2,2,1
B,20210625_1400,yrmtcn62,1,150,150,1
B,20210625_1400,yrmtcn62,2,100,100,1
B,20210625_1400,yrmtcn62,3,9000,9000,1
B,20210625_1400,yrmtcn62,4,2000000,400000,0
B,20210625_1400,yrmtcn62,5,242,242,1
B,20210625_1400,yrmtcn62,6,3,3,1
B,20210625_1400,yrmtcn62,7,2,2,1
B,20210625_1400,duxn23dk,1,150,150,1
B,20210625_1400,duxn23dk,2,100,100,1
B,20210625_1400,duxn23dk,3,9000,9000,1
B,20210625_1400,duxn23dk,4,400000,400000,1
B,20210625_1400,duxn23dk,5,240,242,0
B,20210625_1400,duxn23dk,6,2,3,0
B,20210625_1400,duxn23dk,7,2,2,1
E,20210628_1000,mh9jvilu,1,150,150,1
E,20210628_1000,mh9jvilu,2,100,100,1
E,20210628_1000,mh9jvilu,3,9000,9000,1
E,20210628_1000,mh9jvilu,4,400000,400000,1
E,20210628_1000,mh9jvilu,5,242,242,1
E,20210628_1000,mh9jvilu,6,3,3,1
E,20210628_1000,mh9jvilu,7,2,2,1
E,20210628_1000,kp0napa4,1,150,150,1
E,20210628_1000,kp0napa4,2,100,100,1
E,20210628_1000,kp0napa4,3,9000,9000,1
E,20210628_1000,kp0napa4,4,400000,400000,1
E,20210628_1000,kp0napa4,5,240,242,0
E,20210628_1000,kp0napa4,6,3,3,1
E,20210628_1000,kp0napa4,7,2,2,1
E,20210628_1000,a3an30lg,1,150,150,1
E,20210628_1000,a3an30lg,2,100,100,1
E,20210628_1000,a3an30lg,3,9000,9000,1
E,20210628_1000,a3an30lg,4,400000,400000,1
E,20210628_1000,a3an30lg,5,242,242,1
E,20210628_1000,a3an30lg,6,3,3,1
E,20210628_1000,a3an30lg,7,1,2,0
E,20210628_1000,zw36ul8j,1,150,150,1
E,20210628_1000,zw36ul8j,2,100,100,1
E,20210628_1000,zw36ul8j,3,9000,9000,1
E,20210628_1000,zw36ul8j,4,400000,400000,1
E,20210628_1000,zw36ul8j,5,242,242,1
E,20210628_1000,zw36ul8j,6,3,3,1
E,20210628_1000,zw36ul8j,7,2,2,1
E,20210628_1000,qfx1xiey,1,150,150,1
E,20210628_1000,qfx1xiey,2,100,100,1
E,20210628_1000,qfx1xiey,3,9090,9000,0
E,20210628_1000,qfx1xiey,4,400000,400000,1
E,20210628_1000,qfx1xiey,5,242,242,1
E,20210628_1000,qfx1xiey,6,3,3,1
E,20210628_1000,qfx1xiey,7,2,2,1
E,20210628_1000,l83ddudz,1,150,150,1
E,20210628_1000,l83ddudz,2,100,100,1
E,20210628_1000,l83ddudz,3,9000,9000,1
E,20210628_1000,l83ddudz,4,400000,400000,1
E,20210628_1000,l83ddudz,5,242,242,1
E,20210628_1000,l83ddudz,6,3,3,1
E,20210628_1000,l83ddudz,7,2,2,1
E,20210628_1000,amoaaj9x,1,150,150,1
E,20210628_1000,amoaaj9x,2,100,100,1
E,20210628_1000,amoaaj9x,3,9000,9000,1
E,20210628_1000,amoaaj9x,4,400000,400000,1
E,20210628_1000,amoaaj9x,5,242,242,1
E,20210628_1000,amoaaj9x,6,3,3,1
E,20210628_1000,amoaaj9x,7,2,2,1
E,20210628_1000,owzo4wwo,1,150,150,1
E,20210628_1000,owzo4wwo,2,100,100,1
E,20210628_1000,owzo4wwo,3,9000,9000,1
E,20210628_1000,owzo4wwo,4,400000,400000,1
E,20210628_1000,owzo4wwo,5,242,242,1
E,20210628_1000,owzo4wwo,6,3,3,1
E,20210628_1000,owzo4wwo,7,2,2,1
R,20210628_1200,wh3zb82m,1,150,150,1
R,20210628_1200,wh3zb82m,2,100,100,1
R,20210628_1200,wh3zb82m,3,9000,9000,1
R,20210628_1200,wh3zb82m,4,400000,400000,1
R,20210628_1200,wh3zb82m,5,242,242,1
R,20210628_1200,wh3zb82m,6,3,3,1
R,20210628_1200,wh3zb82m,7,2,2,1
R,20210628_1200,8w3btk72,1,150,150,1
R,20210628_1200,8w3btk72,2,100,100,1
R,20210628_1200,8w3btk72,3,9000,9000,1
R,20210628_1200,8w3btk72,4,400000,400000,1
R,20210628_1200,8w3btk72,5,231,242,0
R,20210628_1200,8w3btk72,6,3,3,1
R,20210628_1200,8w3btk72,7,2,2,1
R,20210628_1200,oumpjj89,1,150,150,1
R,20210628_1200,oumpjj89,2,100,100,1
R,20210628_1200,oumpjj89,3,9000,9000,1
R,20210628_1200,oumpjj89,4,400000,400000,1
R,20210628_1200,oumpjj89,5,242,242,1
R,20210628_1200,oumpjj89,6,3,3,1
R,20210628_1200,oumpjj89,7,2,2,1
R,20210628_1200,x73zfae3,1,150,150,1
R,20210628_1200,x73zfae3,2,100,100,1
R,20210628_1200,x73zfae3,3,9000,9000,1
R,20210628_1200,x73zfae3,4,40000,400000,0
R,20210628_1200,x73zfae3,5,242,242,1
R,20210628_1200,x73zfae3,6,3,3,1
R,20210628_1200,x73zfae3,7,2,2,1
R,20210628_1200,55tkeh2g,1,150,150,1
R,20210628_1200,55tkeh2g,2,100,100,1
R,20210628_1200,55tkeh2g,3,9000,9000,1
R,20210628_1200,55tkeh2g,4,400000,400000,1
R,20210628_1200,55tkeh2g,5,242,242,1
R,20210628_1200,55tkeh2g,6,3,3,1
R,20210628_1200,55tkeh2g,7,2,2,1
R,20210628_1200,owuewxi2,1,150,150,1
R,20210628_1200,owuewxi2,2,100,100,1
R,20210628_1200,owuewxi2,3,9000,9000,1
R,20210628_1200,owuewxi2,4,400000,400000,1
R,20210628_1200,owuewxi2,5,242,242,1
R,20210628_1200,owuewxi2,6,3,3,1
R,20210628_1200,owuewxi2,7,2,2,1
R,20210628_1200,sbmkh1vf,1,150,150,1
R,20210628_1200,sbmkh1vf,2,100,100,1
R,20210628_1200,sbmkh1vf,3,10000,9000,0
R,20210628_1200,sbmkh1vf,4,400000,400000,1
R,20210628_1200,sbmkh1vf,5,242,242,1
R,20210628_1200,sbmkh1vf,6,3,3,1
R,20210628_1200,sbmkh1vf,7,2,2,1
R,20210628_1200,lm9eu726,1,150,150,1
R,20210628_1200,lm9eu726,2,100,100,1
R,20210628_1200,lm9eu726,3,8000,9000,0
R,20210628_1200,lm9eu726,4,400000,400000,1
R,20210628_1200,lm9eu726,5,242,242,1
R,20210628_1200,lm9eu726,6,3,3,1
R,20210628_1200,lm9eu726,7,2,2,1
R,20210628_1200,yfmyonpn,1,150,150,1
R,20210628_1200,yfmyonpn,2,100,100,1
R,20210628_1200,yfmyonpn,3,9000,9000,1
R,20210628_1200,yfmyonpn,4,400000,400000,1
R,20210628_1200,yfmyonpn,5,240,242,0
R,20210628_1200,yfmyonpn,6,3,3,1
R,20210628_1200,yfmyonpn,7,2,2,1
R,20210628_1200,bwjrzusv,1,150,150,1
R,20210628_1200,bwjrzusv,2,100,100,1
R,20210628_1200,bwjrzusv,3,9000,9000,1
R,20210628_1200,bwjrzusv,4,400000,400000,1
R,20210628_1200,bwjrzusv,5,242,242,1
R,20210628_1200,bwjrzusv,6,3,3,1
R,20210628_1200,bwjrzusv,7,2,2,1
ER,20210628_1400,cpgmvfnm,1,150,150,1
ER,20210628_1400,cpgmvfnm,2,100,100,1
ER,20210628_1400,cpgmvfnm,3,9000,9000,1
ER,20210628_1400,cpgmvfnm,4,400000,400000,1
ER,20210628_1400,cpgmvfnm,5,242,242,1
ER,20210628_1400,cpgmvfnm,6,3,3,1
ER,20210628_1400,cpgmvfnm,7,2,2,1
ER,20210628_1400,o9o05hu1,1,150,150,1
ER,20210628_1400,o9o05hu1,2,100,100,1
ER,20210628_1400,o9o05hu1,3,9000,9000,1
ER,20210628_1400,o9o05hu1,4,400000,400000,1
ER,20210628_1400,o9o05hu1,5,242,242,1
ER,20210628_1400,o9o05hu1,6,3,3,1
ER,20210628_1400,o9o05hu1,7,2,2,1
ER,20210628_1400,h8m28kat,1,150,150,1
ER,20210628_1400,h8m28kat,2,100,100,1
ER,20210628_1400,h8m28kat,3,4000,9000,0
ER,20210628_1400,h8m28kat,4,400000,400000,1
ER,20210628_1400,h8m28kat,5,400,242,0
ER,20210628_1400,h8m28kat,6,3,3,1
ER,20210628_1400,h8m28kat,7,2,2,1
ER,20210628_1400,5sc4ncpy,1,150,150,1
ER,20210628_1400,5sc4ncpy,2,100,100,1
ER,20210628_1400,5sc4ncpy,3,9000,9000,1
ER,20210628_1400,5sc4ncpy,4,400000,400000,1
ER,20210628_1400,5sc4ncpy,5,242,242,1
ER,20210628_1400,5sc4ncpy,6,3,3,1
ER,20210628_1400,5sc4ncpy,7,2,2,1
ER,20210628_1400,xio1kk58,1,150,150,1
ER,20210628_1400,xio1kk58,2,100,100,1
ER,20210628_1400,xio1kk58,3,9000,9000,1
ER,20210628_1400,xio1kk58,4,400000,400000,1
ER,20210628_1400,xio1kk58,5,240,242,0
ER,20210628_1400,xio1kk58,6,3,3,1
ER,20210628_1400,xio1kk58,7,2,2,1
ER,20210628_1400,twsriyk7,1,150,150,1
ER,20210628_1400,twsriyk7,2,100,100,1
ER,20210628_1400,twsriyk7,3,9000,9000,1
ER,20210628_1400,twsriyk7,4,400000,400000,1
ER,20210628_1400,twsriyk7,5,242,242,1
ER,20210628_1400,twsriyk7,6,3,3,1
ER,20210628_1400,twsriyk7,7,2,2,1
ER,20210628_1400,nnri11b7,1,150,150,1
ER,20210628_1400,nnri11b7,2,100,100,1
ER,20210628_1400,nnri11b7,3,9000,9000,1
ER,20210628_1400,nnri11b7,4,400000,400000,1
ER,20210628_1400,nnri11b7,5,242,242,1
ER,20210628_1400,nnri11b7,6,3,3,1
ER,20210628_1400,nnri11b7,7,2,2,1
ER,20210628_1400,yjzfuu2h,1,150,150,1
ER,20210628_1400,yjzfuu2h,2,100,100,1
ER,20210628_1400,yjzfuu2h,3,10000,9000,0
ER,20210628_1400,yjzfuu2h,4,400000,400000,1
ER,20210628_1400,yjzfuu2h,5,242,242,1
ER,20210628_1400,yjzfuu2h,6,3,3,1
ER,20210628_1400,yjzfuu2h,7,2,2,1
ER,20210628_1400,3n62rgd0,1,150,150,1
ER,20210628_1400,3n62rgd0,2,100,100,1
ER,20210628_1400,3n62rgd0,3,9000,9000,1
ER,20210628_1400,3n62rgd0,4,400000,400000,1
ER,20210628_1400,3n62rgd0,5,242,242,1
ER,20210628_1400,3n62rgd0,6,3,3,1
ER,20210628_1400,3n62rgd0,7,2,2,1
ER,20210628_1400,9f99a2hb,1,150,150,1
ER,20210628_1400,9f99a2hb,2,100,100,1
ER,20210628_1400,9f99a2hb,3,9000,9000,1
ER,20210628_1400,9f99a2hb,4,400000,400000,1
ER,20210628_1400,9f99a2hb,5,40,242,0
ER,20210628_1400,9f99a2hb,6,3,3,1
ER,20210628_1400,9f99a2hb,7,2,2,1
B,20210628_1600,zu809ozq,1,150,150,1
B,20210628_1600,zu809ozq,2,100,100,1
B,20210628_1600,zu809ozq,3,4000,9000,0
B,20210628_1600,zu809ozq,4,400000,400000,1
B,20210628_1600,zu809ozq,5,242,242,1
B,20210628_1600,zu809ozq,6,3,3,1
B,20210628_1600,zu809ozq,7,2,2,1
B,20210628_1600,ji7tr1ce,1,600,150,0
B,20210628_1600,ji7tr1ce,2,100,100,1
B,20210628_1600,ji7tr1ce,3,9000,9000,1
B,20210628_1600,ji7tr1ce,4,2000000,400000,0
B,20210628_1600,ji7tr1ce,5,242,242,1
B,20210628_1600,ji7tr1ce,6,3,3,1
B,20210628_1600,ji7tr1ce,7,2,2,1
B,20210628_1600,mcywebaj,1,150,150,1
B,20210628_1600,mcywebaj,2,100,100,1
B,20210628_1600,mcywebaj,3,9000,9000,1
B,20210628_1600,mcywebaj,4,400000,400000,1
B,20210628_1600,mcywebaj,5,242,242,1
B,20210628_1600,mcywebaj,6,3,3,1
B,20210628_1600,mcywebaj,7,2,2,1
B,20210628_1600,mffpnq55,1,150,150,1
B,20210628_1600,mffpnq55,2,100,100,1
B,20210628_1600,mffpnq55,3,9000,9000,1
B,20210628_1600,mffpnq55,4,400000,400000,1
B,20210628_1600,mffpnq55,5,242,242,1
B,20210628_1600,mffpnq55,6,3,3,1
B,20210628_1600,mffpnq55,7,2,2,1
B,20210628_1600,qhbw7gan,1,150,150,1
B,20210628_1600,qhbw7gan,2,100,100,1
B,20210628_1600,qhbw7gan,3,9000,9000,1
B,20210628_1600,qhbw7gan,4,400000,400000,1
B,20210628_1600,qhbw7gan,5,242,242,1
B,20210628_1600,qhbw7gan,6,3,3,1
B,20210628_1600,qhbw7gan,7,2,2,1
B,20210628_1600,gw7ncvdt,1,150,150,1
B,20210628_1600,gw7ncvdt,2,100,100,1
B,20210628_1600,gw7ncvdt,3,10000,9000,0
B,20210628_1600,gw7ncvdt,4,400000,400000,1
B,20210628_1600,gw7ncvdt,5,680,242,0
B,20210628_1600,gw7ncvdt,6,3,3,1
B,20210628_1600,gw7ncvdt,7,2,2,1
B,20210628_1600,djzpq5f3,1,150,150,1
B,20210628_1600,djzpq5f3,2,100,100,1
B,20210628_1600,djzpq5f3,3,9000,9000,1
B,20210628_1600,djzpq5f3,4,133333,400000,0
B,20210628_1600,djzpq5f3,5,240,242,0
B,20210628_1600,djzpq5f3,6,3,3,1
B,20210628_1600,djzpq5f3,7,2,2,1
ER,20210630_1000,8hdqutwb,1,150,150,1
ER,20210630_1000,8hdqutwb,2,100,100,1
ER,20210630_1000,8hdqutwb,3,9000,9000,1
ER,20210630_1000,8hdqutwb,4,400000,400000,1
ER,20210630_1000,8hdqutwb,5,240,242,0
ER,20210630_1000,8hdqutwb,6,3,3,1
ER,20210630_1000,8hdqutwb,7,2,2,1
ER,20210630_1000,3zofwepw,1,150,150,1
ER,20210630_1000,3zofwepw,2,100,100,1
ER,20210630_1000,3zofwepw,3,10000,9000,0
ER,20210630_1000,3zofwepw,4,4000000,400000,0
ER,20210630_1000,3zofwepw,5,240,242,0
ER,20210630_1000,3zofwepw,6,3,3,1
ER,20210630_1000,3zofwepw,7,2,2,1
ER,20210630_1000,72xz8gcz,1,150,150,1
ER,20210630_1000,72xz8gcz,2,100,100,1
ER,20210630_1000,72xz8gcz,3,9000,9000,1
ER,20210630_1000,72xz8gcz,4,400000,400000,1
ER,20210630_1000,72xz8gcz,5,242,242,1
ER,20210630_1000,72xz8gcz,6,3,3,1
ER,20210630_1000,72xz8gcz,7,2,2,1
ER,20210630_1000,rzzn1i8f,1,150,150,1
ER,20210630_1000,rzzn1i8f,2,100,100,1
ER,20210630_1000,rzzn1i8f,3,9000,9000,1
ER,20210630_1000,rzzn1i8f,4,400000,400000,1
ER,20210630_1000,rzzn1i8f,5,242,242,1
ER,20210630_1000,rzzn1i8f,6,3,3,1
ER,20210630_1000,rzzn1i8f,7,2,2,1
ER,20210630_1000,00g32yc1,1,150,150,1
ER,20210630_1000,00g32yc1,2,100,100,1
ER,20210630_1000,00g32yc1,3,9000,9000,1
ER,20210630_1000,00g32yc1,4,400000,400000,1
ER,20210630_1000,00g32yc1,5,242,242,1
ER,20210630_1000,00g32yc1,6,3,3,1
ER,20210630_1000,00g32yc1,7,2,2,1
ER,20210630_1000,6u6fnn44,1,150,150,1
ER,20210630_1000,6u6fnn44,2,100,100,1
ER,20210630_1000,6u6fnn44,3,10000,9000,0
ER,20210630_1000,6u6fnn44,4,400000,400000,1
ER,20210630_1000,6u6fnn44,5,240,242,0
ER,20210630_1000,6u6fnn44,6,3,3,1
ER,20210630_1000,6u6fnn44,7,2,2,1
ER,20210630_1000,qnd60n7v,1,150,150,1
ER,20210630_1000,qnd60n7v,2,100,100,1
ER,20210630_1000,qnd60n7v,3,9000,9000,1
ER,20210630_1000,qnd60n7v,4,400000,400000,1
ER,20210630_1000,qnd60n7v,5,244,242,0
ER,20210630_1000,qnd60n7v,6,3,3,1
ER,20210630_1000,qnd60n7v,7,2,2,1
ER,20210630_1000,n0cakvnn,1,150,150,1
ER,20210630_1000,n0cakvnn,2,100,100,1
ER,20210630_1000,n0cakvnn,3,9000,9000,1
ER,20210630_1000,n0cakvnn,4,400000,400000,1
ER,20210630_1000,n0cakvnn,5,242,242,1
ER,20210630_1000,n0cakvnn,6,3,3,1
ER,20210630_1000,n0cakvnn,7,2,2,1
ER,20210630_1000,eay5gfc3,1,150,150,1
ER,20210630_1000,eay5gfc3,2,100,100,1
ER,20210630_1000,eay5gfc3,3,9000,9000,1
ER,20210630_1000,eay5gfc3,4,400000,400000,1
ER,20210630_1000,eay5gfc3,5,242,242,1
ER,20210630_1000,eay5gfc3,6,3,3,1
ER,20210630_1000,eay5gfc3,7,2,2,1
ER,20210630_1000,wtxzvb4e,1,150,150,1
ER,20210630_1000,wtxzvb4e,2,100,100,1
ER,20210630_1000,wtxzvb4e,3,9000,9000,1
ER,20210630_1000,wtxzvb4e,4,400000,400000,1
ER,20210630_1000,wtxzvb4e,5,242,242,1
ER,20210630_1000,wtxzvb4e,6,3,3,1
ER,20210630_1000,wtxzvb4e,7,2,2,1
ER,20210630_1000,ua20fd02,1,150,150,1
ER,20210630_1000,ua20fd02,2,100,100,1
ER,20210630_1000,ua20fd02,3,9000,9000,1
ER,20210630_1000,ua20fd02,4,400000,400000,1
ER,20210630_1000,ua20fd02,5,240,242,0
ER,20210630_1000,ua20fd02,6,3,3,1
ER,20210630_1000,ua20fd02,7,2,2,1
ER,20210630_1000,fqh1ix42,1,150,150,1
ER,20210630_1000,fqh1ix42,2,100,100,1
ER,20210630_1000,fqh1ix42,3,9000,9000,1
ER,20210630_1000,fqh1ix42,4,400000,400000,1
ER,20210630_1000,fqh1ix42,5,242,242,1
ER,20210630_1000,fqh1ix42,6,3,3,1
ER,20210630_1000,fqh1ix42,7,2,2,1
E,20210630_1130,j7dkgory,1,150,150,1
E,20210630_1130,j7dkgory,2,100,100,1
E,20210630_1130,j7dkgory,3,9000,9000,1
E,20210630_1130,j7dkgory,4,400000,400000,1
E,20210630_1130,j7dkgory,5,242,242,1
E,20210630_1130,j7dkgory,6,3,3,1
E,20210630_1130,j7dkgory,7,2,2,1
E,20210630_1130,i5jvwq5q,1,150,150,1
E,20210630_1130,i5jvwq5q,2,100,100,1
E,20210630_1130,i5jvwq5q,3,10000,9000,0
E,20210630_1130,i5jvwq5q,4,2000000,400000,0
E,20210630_1130,i5jvwq5q,5,242,242,1
E,20210630_1130,i5jvwq5q,6,3,3,1
E,20210630_1130,i5jvwq5q,7,2,2,1
E,20210630_1130,5r9gjqy4,1,150,150,1
E,20210630_1130,5r9gjqy4,2,100,100,1
E,20210630_1130,5r9gjqy4,3,9000,9000,1
E,20210630_1130,5r9gjqy4,4,400000,400000,1
E,20210630_1130,5r9gjqy4,5,242,242,1
E,20210630_1130,5r9gjqy4,6,3,3,1
E,20210630_1130,5r9gjqy4,7,2,2,1
E,20210630_1130,e7ap89iz,1,150,150,1
E,20210630_1130,e7ap89iz,2,100,100,1
E,20210630_1130,e7ap89iz,3,9000,9000,1
E,20210630_1130,e7ap89iz,4,400000,400000,1
E,20210630_1130,e7ap89iz,5,242,242,1
E,20210630_1130,e7ap89iz,6,3,3,1
E,20210630_1130,e7ap89iz,7,2,2,1
E,20210630_1130,7femyonk,1,150,150,1
E,20210630_1130,7femyonk,2,100,100,1
E,20210630_1130,7femyonk,3,9000,9000,1
E,20210630_1130,7femyonk,4,400000,400000,1
E,20210630_1130,7femyonk,5,242,242,1
E,20210630_1130,7femyonk,6,3,3,1
E,20210630_1130,7femyonk,7,2,2,1
E,20210630_1130,co1khwiy,1,150,150,1
E,20210630_1130,co1khwiy,2,100,100,1
E,20210630_1130,co1khwiy,3,9000,9000,1
E,20210630_1130,co1khwiy,4,400000,400000,1
E,20210630_1130,co1khwiy,5,242,242,1
E,20210630_1130,co1khwiy,6,3,3,1
E,20210630_1130,co1khwiy,7,2,2,1
E,20210630_1130,su7mxpj7,1,150,150,1
E,20210630_1130,su7mxpj7,2,100,100,1
E,20210630_1130,su7mxpj7,3,9000,9000,1
E,20210630_1130,su7mxpj7,4,400000,400000,1
E,20210630_1130,su7mxpj7,5,242,242,1
E,20210630_1130,su7mxpj7,6,3,3,1
E,20210630_1130,su7mxpj7,7,2,2,1
B,20210630_1300,adz16f2y,1,150,150,1
B,20210630_1300,adz16f2y,2,100,100,1
B,20210630_1300,adz16f2y,3,9000,9000,1
B,20210630_1300,adz16f2y,4,400000,400000,1
B,20210630_1300,adz16f2y,5,240,242,0
B,20210630_1300,adz16f2y,6,3,3,1
B,20210630_1300,adz16f2y,7,2,2,1
B,20210630_1300,haf3qpec,1,150,150,1
B,20210630_1300,haf3qpec,2,100,100,1
B,20210630_1300,haf3qpec,3,9000,9000,1
B,20210630_1300,haf3qpec,4,400000,400000,1
B,20210630_1300,haf3qpec,5,242,242,1
B,20210630_1300,haf3qpec,6,3,3,1
B,20210630_1300,haf3qpec,7,1,2,0
B,20210630_1300,tg70dmp8,1,150,150,1
B,20210630_1300,tg70dmp8,2,100,100,1
B,20210630_1300,tg70dmp8,3,9000,9000,1
B,20210630_1300,tg70dmp8,4,400000,400000,1
B,20210630_1300,tg70dmp8,5,242,242,1
B,20210630_1300,tg70dmp8,6,3,3,1
B,20210630_1300,tg70dmp8,7,2,2,1
B,20210630_1300,3d9mvdzz,1,150,150,1
B,20210630_1300,3d9mvdzz,2,100,100,1
B,20210630_1300,3d9mvdzz,3,9000,9000,1
B,20210630_1300,3d9mvdzz,4,400000,400000,1
B,20210630_1300,3d9mvdzz,5,242,242,1
B,20210630_1300,3d9mvdzz,6,3,3,1
B,20210630_1300,3d9mvdzz,7,2,2,1
B,20210630_1300,ot5na0b9,1,150,150,1
B,20210630_1300,ot5na0b9,2,100,100,1
B,20210630_1300,ot5na0b9,3,8000,9000,0
B,20210630_1300,ot5na0b9,4,400000,400000,1
B,20210630_1300,ot5na0b9,5,40,242,0
B,20210630_1300,ot5na0b9,6,3,3,1
B,20210630_1300,ot5na0b9,7,2,2,1
B,20210630_1300,zxg75c8y,1,150,150,1
B,20210630_1300,zxg75c8y,2,100,100,1
B,20210630_1300,zxg75c8y,3,9000,9000,1
B,20210630_1300,zxg75c8y,4,400000,400000,1
B,20210630_1300,zxg75c8y,5,242,242,1
B,20210630_1300,zxg75c8y,6,3,3,1
B,20210630_1300,zxg75c8y,7,2,2,1
B,20210630_1300,xieg68g9,1,150,150,1
B,20210630_1300,xieg68g9,2,100,100,1
B,20210630_1300,xieg68g9,3,9000,9000,1
B,20210630_1300,xieg68g9,4,400000,400000,1
B,20210630_1300,xieg68g9,5,240,242,0
B,20210630_1300,xieg68g9,6,3,3,1
B,20210630_1300,xieg68g9,7,2,2,1
R,20210630_1430,b0370bjl,1,150,150,1
R,20210630_1430,b0370bjl,2,100,100,1
R,20210630_1430,b0370bjl,3,9000,9000,1
R,20210630_1430,b0370bjl,4,400000,400000,1
R,20210630_1430,b0370bjl,5,242,242,1
R,20210630_1430,b0370bjl,6,3,3,1
R,20210630_1430,b0370bjl,7,2,2,1
R,20210630_1430,sjgtn9qk,1,150,150,1
R,20210630_1430,sjgtn9qk,2,100,100,1
R,20210630_1430,sjgtn9qk,3,9000,9000,1
R,20210630_1430,sjgtn9qk,4,400000,400000,1
R,20210630_1430,sjgtn9qk,5,242,242,1
R,20210630_1430,sjgtn9qk,6,3,3,1
R,20210630_1430,sjgtn9qk,7,2,2,1
R,20210630_1430,fxky1ye6,1,150,150,1
R,20210630_1430,fxky1ye6,2,100,100,1
R,20210630_1430,fxky1ye6,3,7500,9000,0
R,20210630_1430,fxky1ye6,4,400000,400000,1
R,20210630_1430,fxky1ye6,5,231,242,0
R,20210630_1430,fxky1ye6,6,3,3,1
R,20210630_1430,fxky1ye6,7,2,2,1
R,20210630_1430,hokl19im,1,150,150,1
R,20210630_1430,hokl19im,2,100,100,1
R,20210630_1430,hokl19im,3,10000,9000,0
R,20210630_1430,hokl19im,4,400000,400000,1
R,20210630_1430,hokl19im,5,242,242,1
R,20210630_1430,hokl19im,6,2,3,0
R,20210630_1430,hokl19im,7,1,2,0
R,20210630_1430,aqcsvorl,1,150,150,1
R,20210630_1430,aqcsvorl,2,100,100,1
R,20210630_1430,aqcsvorl,3,10000,9000,0
R,20210630_1430,aqcsvorl,4,400000,400000,1
R,20210630_1430,aqcsvorl,5,240,242,0
R,20210630_1430,aqcsvorl,6,3,3,1
R,20210630_1430,aqcsvorl,7,3,2,0
R,20210630_1430,zi6i2c9u,1,150,150,1
R,20210630_1430,zi6i2c9u,2,100,100,1
R,20210630_1430,zi6i2c9u,3,9000,9000,1
R,20210630_1430,zi6i2c9u,4,400000,400000,1
R,20210630_1430,zi6i2c9u,5,242,242,1
R,20210630_1430,zi6i2c9u,6,3,3,1
R,20210630_1430,zi6i2c9u,7,2,2,1
E,20210701_1000,n594ys0i,1,150,150,1
E,20210701_1000,n594ys0i,2,100,100,1
E,20210701_1000,n594ys0i,3,9000,9000,1
E,20210701_1000,n594ys0i,4,2000000,400000,0
E,20210701_1000,n594ys0i,5,242,242,1
E,20210701_1000,n594ys0i,6,3,3,1
E,20210701_1000,n594ys0i,7,2,2,1
E,20210701_1000,hby5m5ik,1,150,150,1
E,20210701_1000,hby5m5ik,2,1,100,0
E,20210701_1000,hby5m5ik,3,18000,9000,0
E,20210701_1000,hby5m5ik,4,400000,400000,1
E,20210701_1000,hby5m5ik,5,240,242,0
E,20210701_1000,hby5m5ik,6,3,3,1
E,20210701_1000,hby5m5ik,7,3,2,0
E,20210701_1000,45o6pk7j,1,150,150,1
E,20210701_1000,45o6pk7j,2,100,100,1
E,20210701_1000,45o6pk7j,3,9000,9000,1
E,20210701_1000,45o6pk7j,4,400000,400000,1
E,20210701_1000,45o6pk7j,5,242,242,1
E,20210701_1000,45o6pk7j,6,3,3,1
E,20210701_1000,45o6pk7j,7,2,2,1
E,20210701_1000,wu86use2,1,150,150,1
E,20210701_1000,wu86use2,2,100,100,1
E,20210701_1000,wu86use2,3,9000,9000,1
E,20210701_1000,wu86use2,4,400000,400000,1
E,20210701_1000,wu86use2,5,242,242,1
E,20210701_1000,wu86use2,6,3,3,1
E,20210701_1000,wu86use2,7,2,2,1
R,20210701_1130,gg29ns20,1,150,150,1
R,20210701_1130,gg29ns20,2,100,100,1
R,20210701_1130,gg29ns20,3,9090,9000,0
R,20210701_1130,gg29ns20,4,400000,400000,1
R,20210701_1130,gg29ns20,5,40,242,0
R,20210701_1130,gg29ns20,6,3,3,1
R,20210701_1130,gg29ns20,7,2,2,1
R,20210701_1130,2mlym5h3,1,150,150,1
R,20210701_1130,2mlym5h3,2,10,100,0
R,20210701_1130,2mlym5h3,3,9000,9000,1
R,20210701_1130,2mlym5h3,4,400000,400000,1
R,20210701_1130,2mlym5h3,5,242,242,1
R,20210701_1130,2mlym5h3,6,3,3,1
R,20210701_1130,2mlym5h3,7,2,2,1
R,20210701_1130,a0g4ni40,1,150,150,1
R,20210701_1130,a0g4ni40,2,100,100,1
R,20210701_1130,a0g4ni40,3,9000,9000,1
R,20210701_1130,a0g4ni40,4,400000,400000,1
R,20210701_1130,a0g4ni40,5,242,242,1
R,20210701_1130,a0g4ni40,6,3,3,1
R,20210701_1130,a0g4ni40,7,2,2,1
R,20210701_1130,tpa9df6u,1,150,150,1
R,20210701_1130,tpa9df6u,2,100,100,1
R,20210701_1130,tpa9df6u,3,9000,9000,1
R,20210701_1130,tpa9df6u,4,400000,400000,1
R,20210701_1130,tpa9df6u,5,242,242,1
R,20210701_1130,tpa9df6u,6,2,3,0
R,20210701_1130,tpa9df6u,7,3,2,0
E,20210702_1300,uel5pire,1,150,150,1
E,20210702_1300,uel5pire,2,100,100,1
E,20210702_1300,uel5pire,3,9000,9000,1
E,20210702_1300,uel5pire,4,400000,400000,1
E,20210702_1300,uel5pire,5,242,242,1
E,20210702_1300,uel5pire,6,3,3,1
E,20210702_1300,uel5pire,7,2,2,1
E,20210702_1300,aiy9pkbx,1,150,150,1
E,20210702_1300,aiy9pkbx,2,100,100,1
E,20210702_1300,aiy9pkbx,3,10000,9000,0
E,20210702_1300,aiy9pkbx,4,400000,400000,1
E,20210702_1300,aiy9pkbx,5,242,242,1
E,20210702_1300,aiy9pkbx,6,3,3,1
E,20210702_1300,aiy9pkbx,7,2,2,1
E,20210702_1300,td1cwjdp,1,150,150,1
E,20210702_1300,td1cwjdp,2,100,100,1
E,20210702_1300,td1cwjdp,3,9000,9000,1
E,20210702_1300,td1cwjdp,4,400000,400000,1
E,20210702_1300,td1cwjdp,5,242,242,1
E,20210702_1300,td1cwjdp,6,3,3,1
E,20210702_1300,td1cwjdp,7,2,2,1
E,20210702_1300,xt7meys4,1,150,150,1
E,20210702_1300,xt7meys4,2,100,100,1
E,20210702_1300,xt7meys4,3,9000,9000,1
E,20210702_1300,xt7meys4,4,2000000,400000,0
E,20210702_1300,xt7meys4,5,242,242,1
E,20210702_1300,xt7meys4,6,3,3,1
E,20210702_1300,xt7meys4,7,2,2,1
E,20210702_1300,d3v22y45,1,150,150,1
E,20210702_1300,d3v22y45,2,100,100,1
E,20210702_1300,d3v22y45,3,9000,9000,1
E,20210702_1300,d3v22y45,4,400000,400000,1
E,20210702_1300,d3v22y45,5,242,242,1
E,20210702_1300,d3v22y45,6,3,3,1
E,20210702_1300,d3v22y45,7,2,2,1
E,20210702_1300,0uviu3c8,1,150,150,1
E,20210702_1300,0uviu3c8,2,100,100,1
E,20210702_1300,0uviu3c8,3,9000,9000,1
E,20210702_1300,0uviu3c8,4,400000,400000,1
E,20210702_1300,0uviu3c8,5,242,242,1
E,20210702_1300,0uviu3c8,6,3,3,1
E,20210702_1300,0uviu3c8,7,2,2,1
E,20210702_1300,2nb9zfb7,1,150,150,1
E,20210702_1300,2nb9zfb7,2,100,100,1
E,20210702_1300,2nb9zfb7,3,9000,9000,1
E,20210702_1300,2nb9zfb7,4,400000,400000,1
E,20210702_1300,2nb9zfb7,5,242,242,1
E,20210702_1300,2nb9zfb7,6,3,3,1
E,20210702_1300,2nb9zfb7,7,2,2,1
E,20210702_1300,q0ffsac5,1,150,150,1
E,20210702_1300,q0ffsac5,2,100,100,1
E,20210702_1300,q0ffsac5,3,9000,9000,1
E,20210702_1300,q0ffsac5,4,400000,400000,1
E,20210702_1300,q0ffsac5,5,242,242,1
E,20210702_1300,q0ffsac5,6,3,3,1
E,20210702_1300,q0ffsac5,7,2,2,1
E,20210702_1300,9a30ip35,1,150,150,1
E,20210702_1300,9a30ip35,2,100,100,1
E,20210702_1300,9a30ip35,3,9000,9000,1
E,20210702_1300,9a30ip35,4,400000,400000,1
E,20210702_1300,9a30ip35,5,242,242,1
E,20210702_1300,9a30ip35,6,3,3,1
E,20210702_1300,9a30ip35,7,2,2,1
E,20210702_1300,6vlteoij,1,150,150,1
E,20210702_1300,6vlteoij,2,100,100,1
E,20210702_1300,6vlteoij,3,9000,9000,1
E,20210702_1300,6vlteoij,4,400000,400000,1
E,20210702_1300,6vlteoij,5,242,242,1
E,20210702_1300,6vlteoij,6,3,3,1
E,20210702_1300,6vlteoij,7,2,2,1
E,20210702_1300,lfrzjoj3,1,150,150,1
E,20210702_1300,lfrzjoj3,2,100,100,1
E,20210702_1300,lfrzjoj3,3,9000,9000,1
E,20210702_1300,lfrzjoj3,4,400000,400000,1
E,20210702_1300,lfrzjoj3,5,242,242,1
E,20210702_1300,lfrzjoj3,6,3,3,1
E,20210702_1300,lfrzjoj3,7,2,2,1
E,20210702_1300,21otsptc,1,150,150,1
E,20210702_1300,21otsptc,2,100,100,1
E,20210702_1300,21otsptc,3,10000,9000,0
E,20210702_1300,21otsptc,4,400000,400000,1
E,20210702_1300,21otsptc,5,240,242,0
E,20210702_1300,21otsptc,6,2,3,0
E,20210702_1300,21otsptc,7,3,2,0
R,20210702_1430,w884g810,1,150,150,1
R,20210702_1430,w884g810,2,100,100,1
R,20210702_1430,w884g810,3,9000,9000,1
R,20210702_1430,w884g810,4,400000,400000,1
R,20210702_1430,w884g810,5,242,242,1
R,20210702_1430,w884g810,6,3,3,1
R,20210702_1430,w884g810,7,2,2,1
R,20210702_1430,zmaoyq1i,1,150,150,1
R,20210702_1430,zmaoyq1i,2,100,100,1
R,20210702_1430,zmaoyq1i,3,9000,9000,1
R,20210702_1430,zmaoyq1i,4,2000000,400000,0
R,20210702_1430,zmaoyq1i,5,242,242,1
R,20210702_1430,zmaoyq1i,6,3,3,1
R,20210702_1430,zmaoyq1i,7,2,2,1
R,20210702_1430,8t5zwjgh,1,150,150,1
R,20210702_1430,8t5zwjgh,2,100,100,1
R,20210702_1430,8t5zwjgh,3,10000,9000,0
R,20210702_1430,8t5zwjgh,4,400000,400000,1
R,20210702_1430,8t5zwjgh,5,240,242,0
R,20210702_1430,8t5zwjgh,6,1,3,0
R,20210702_1430,8t5zwjgh,7,2,2,1
R,20210702_1430,ocezwog3,1,150,150,1
R,20210702_1430,ocezwog3,2,100,100,1
R,20210702_1430,ocezwog3,3,9000,9000,1
R,20210702_1430,ocezwog3,4,400000,400000,1
R,20210702_1430,ocezwog3,5,242,242,1
R,20210702_1430,ocezwog3,6,3,3,1
R,20210702_1430,ocezwog3,7,2,2,1
R,20210702_1430,gad5ovep,1,150,150,1
R,20210702_1430,gad5ovep,2,100,100,1
R,20210702_1430,gad5ovep,3,9000,9000,1
R,20210702_1430,gad5ovep,4,400000,400000,1
R,20210702_1430,gad5ovep,5,242,242,1
R,20210702_1430,gad5ovep,6,3,3,1
R,20210702_1430,gad5ovep,7,2,2,1
R,20210702_1430,kbtjqe2e,1,150,150,1
R,20210702_1430,kbtjqe2e,2,100,100,1
R,20210702_1430,kbtjqe2e,3,9000,9000,1
R,20210702_1430,kbtjqe2e,4,400000,400000,1
R,20210702_1430,kbtjqe2e,5,240,242,0
R,20210702_1430,kbtjqe2e,6,3,3,1
R,20210702_1430,kbtjqe2e,7,2,2,1
R,20210702_1430,gq9fzq9w,1,150,150,1
R,20210702_1430,gq9fzq9w,2,100,100,1
R,20210702_1430,gq9fzq9w,3,9000,9000,1
R,20210702_1430,gq9fzq9w,4,400000,400000,1
R,20210702_1430,gq9fzq9w,5,240,242,0
R,20210702_1430,gq9fzq9w,6,3,3,1
R,20210702_1430,gq9fzq9w,7,2,2,1
R,20210702_1430,ot30actm,1,150,150,1
R,20210702_1430,ot30actm,2,100,100,1
R,20210702_1430,ot30actm,3,10000,9000,0
R,20210702_1430,ot30actm,4,400000,400000,1
R,20210702_1430,ot30actm,5,242,242,1
R,20210702_1430,ot30actm,6,3,3,1
R,20210702_1430,ot30actm,7,2,2,1
R,20210702_1430,6kwe5o6c,1,150,150,1
R,20210702_1430,6kwe5o6c,2,100,100,1
R,20210702_1430,6kwe5o6c,3,9000,9000,1
R,20210702_1430,6kwe5o6c,4,400000,400000,1
R,20210702_1430,6kwe5o6c,5,242,242,1
R,20210702_1430,6kwe5o6c,6,2,3,0
R,20210702_1430,6kwe5o6c,7,2,2,1
R,20210702_1430,atma1qcx,1,150,150,1
R,20210702_1430,atma1qcx,2,100,100,1
R,20210702_1430,atma1qcx,3,9000,9000,1
R,20210702_1430,atma1qcx,4,400000,400000,1
R,20210702_1430,atma1qcx,5,240,242,0
R,20210702_1430,atma1qcx,6,3,3,1
R,20210702_1430,atma1qcx,7,2,2,1
B,20210713_1300,9bcof7wo,1,150,150,1
B,20210713_1300,9bcof7wo,2,100,100,1
B,20210713_1300,9bcof7wo,3,9000,9000,1
B,20210713_1300,9bcof7wo,4,400000,400000,1
B,20210713_1300,9bcof7wo,5,240,242,0
B,20210713_1300,9bcof7wo,6,3,3,1
B,20210713_1300,9bcof7wo,7,2,2,1
B,20210713_1300,o11c7at5,1,150,150,1
B,20210713_1300,o11c7at5,2,100,100,1
B,20210713_1300,o11c7at5,3,7800,9000,0
B,20210713_1300,o11c7at5,4,400000,400000,1
B,20210713_1300,o11c7at5,5,240,242,0
B,20210713_1300,o11c7at5,6,3,3,1
B,20210713_1300,o11c7at5,7,2,2,1
B,20210713_1300,ckkobwom,1,150,150,1
B,20210713_1300,ckkobwom,2,100,100,1
B,20210713_1300,ckkobwom,3,9000,9000,1
B,20210713_1300,ckkobwom,4,400000,400000,1
B,20210713_1300,ckkobwom,5,242,242,1
B,20210713_1300,ckkobwom,6,3,3,1
B,20210713_1300,ckkobwom,7,2,2,1
B,20210713_1300,mbc73hwl,1,150,150,1
B,20210713_1300,mbc73hwl,2,100,100,1
B,20210713_1300,mbc73hwl,3,4000,9000,0
B,20210713_1300,mbc73hwl,4,400000,400000,1
B,20210713_1300,mbc73hwl,5,240,242,0
B,20210713_1300,mbc73hwl,6,3,3,1
B,20210713_1300,mbc73hwl,7,2,2,1
ER,20210713_1430,p6guj6oc,1,150,150,1
ER,20210713_1430,p6guj6oc,2,100,100,1
ER,20210713_1430,p6guj6oc,3,9000,9000,1
ER,20210713_1430,p6guj6oc,4,400000,400000,1
ER,20210713_1430,p6guj6oc,5,242,242,1
ER,20210713_1430,p6guj6oc,6,3,3,1
ER,20210713_1430,p6guj6oc,7,2,2,1
ER,20210713_1430,c463oa0l,1,150,150,1
ER,20210713_1430,c463oa0l,2,10,100,0
ER,20210713_1430,c463oa0l,3,9000,9000,1
ER,20210713_1430,c463oa0l,4,400000,400000,1
ER,20210713_1430,c463oa0l,5,242,242,1
ER,20210713_1430,c463oa0l,6,3,3,1
ER,20210713_1430,c463oa0l,7,2,2,1
ER,20210713_1430,yvv61syj,1,150,150,1
ER,20210713_1430,yvv61syj,2,100,100,1
ER,20210713_1430,yvv61syj,3,9000,9000,1
ER,20210713_1430,yvv61syj,4,400000,400000,1
ER,20210713_1430,yvv61syj,5,240,242,0
ER,20210713_1430,yvv61syj,6,3,3,1
ER,20210713_1430,yvv61syj,7,2,2,1
ER,20210713_1430,xjl7tb8y,1,150,150,1
ER,20210713_1430,xjl7tb8y,2,100,100,1
ER,20210713_1430,xjl7tb8y,3,9000,9000,1
ER,20210713_1430,xjl7tb8y,4,400000,400000,1
ER,20210713_1430,xjl7tb8y,5,242,242,1
ER,20210713_1430,xjl7tb8y,6,3,3,1
ER,20210713_1430,xjl7tb8y,7,2,2,1
ER,20210713_1430,rzx15z0z,1,300,150,0
ER,20210713_1430,rzx15z0z,2,100,100,1
ER,20210713_1430,rzx15z0z,3,9000,9000,1
ER,20210713_1430,rzx15z0z,4,400000,400000,1
ER,20210713_1430,rzx15z0z,5,242,242,1
ER,20210713_1430,rzx15z0z,6,3,3,1
ER,20210713_1430,rzx15z0z,7,2,2,1
ER,20210714_1000,xnn4ylqp,1,150,150,1
ER,20210714_1000,xnn4ylqp,2,100,100,1
ER,20210714_1000,xnn4ylqp,3,9000,9000,1
ER,20210714_1000,xnn4ylqp,4,400000,400000,1
ER,20210714_1000,xnn4ylqp,5,242,242,1
ER,20210714_1000,xnn4ylqp,6,3,3,1
ER,20210714_1000,xnn4ylqp,7,2,2,1
ER,20210714_1000,thvb1r44,1,150,150,1
ER,20210714_1000,thvb1r44,2,100,100,1
ER,20210714_1000,thvb1r44,3,9000,9000,1
ER,20210714_1000,thvb1r44,4,400000,400000,1
ER,20210714_1000,thvb1r44,5,242,242,1
ER,20210714_1000,thvb1r44,6,3,3,1
ER,20210714_1000,thvb1r44,7,2,2,1
ER,20210714_1000,lwxingsi,1,150,150,1
ER,20210714_1000,lwxingsi,2,100,100,1
ER,20210714_1000,lwxingsi,3,9000,9000,1
ER,20210714_1000,lwxingsi,4,400000,400000,1
ER,20210714_1000,lwxingsi,5,242,242,1
ER,20210714_1000,lwxingsi,6,3,3,1
ER,20210714_1000,lwxingsi,7,2,2,1
B,20210714_1130,fbkvcwj3,1,150,150,1
B,20210714_1130,fbkvcwj3,2,100,100,1
B,20210714_1130,fbkvcwj3,3,4000,9000,0
B,20210714_1130,fbkvcwj3,4,400000,400000,1
B,20210714_1130,fbkvcwj3,5,204,242,0
B,20210714_1130,fbkvcwj3,6,3,3,1
B,20210714_1130,fbkvcwj3,7,2,2,1
B,20210714_1130,0ozxf8xh,1,150,150,1
B,20210714_1130,0ozxf8xh,2,100,100,1
B,20210714_1130,0ozxf8xh,3,9000,9000,1
B,20210714_1130,0ozxf8xh,4,400000,400000,1
B,20210714_1130,0ozxf8xh,5,242,242,1
B,20210714_1130,0ozxf8xh,6,3,3,1
B,20210714_1130,0ozxf8xh,7,2,2,1
B,20211006_1000,djg59bu2,1,150,150,1
B,20211006_1000,djg59bu2,2,100,100,1
B,20211006_1000,djg59bu2,3,9000,9000,1
B,20211006_1000,djg59bu2,4,400000,400000,1
B,20211006_1000,djg59bu2,5,240,242,0
B,20211006_1000,djg59bu2,6,3,3,1
B,20211006_1000,djg59bu2,7,2,2,1
B,20211006_1000,d84vlama,1,150,150,1
B,20211006_1000,d84vlama,2,100,100,1
B,20211006_1000,d84vlama,3,9000,9000,1
B,20211006_1000,d84vlama,4,2000000,400000,0
B,20211006_1000,d84vlama,5,242,242,1
B,20211006_1000,d84vlama,6,3,3,1
B,20211006_1000,d84vlama,7,2,2,1
B,20211006_1000,70uhesln,1,150,150,1
B,20211006_1000,70uhesln,2,100,100,1
B,20211006_1000,70uhesln,3,9000,9000,1
B,20211006_1000,70uhesln,4,400000,400000,1
B,20211006_1000,70uhesln,5,240,242,0
B,20211006_1000,70uhesln,6,3,3,1
B,20211006_1000,70uhesln,7,2,2,1
B,20211006_1000,34gfep4y,1,150,150,1
B,20211006_1000,34gfep4y,2,100,100,1
B,20211006_1000,34gfep4y,3,7980,9000,0
B,20211006_1000,34gfep4y,4,400000,400000,1
B,20211006_1000,34gfep4y,5,242,242,1
B,20211006_1000,34gfep4y,6,3,3,1
B,20211006_1000,34gfep4y,7,2,2,1
B,20211006_1000,ir9i1zyd,1,150,150,1
B,20211006_1000,ir9i1zyd,2,100,100,1
B,20211006_1000,ir9i1zyd,3,9000,9000,1
B,20211006_1000,ir9i1zyd,4,400000,400000,1
B,20211006_1000,ir9i1zyd,5,242,242,1
B,20211006_1000,ir9i1zyd,6,3,3,1
B,20211006_1000,ir9i1zyd,7,2,2,1
B,20211006_1000,nq3h20qw,1,150,150,1
B,20211006_1000,nq3h20qw,2,100,100,1
B,20211006_1000,nq3h20qw,3,9000,9000,1
B,20211006_1000,nq3h20qw,4,400000,400000,1
B,20211006_1000,nq3h20qw,5,240,242,0
B,20211006_1000,nq3h20qw,6,3,3,1
B,20211006_1000,nq3h20qw,7,2,2,1
B,20211006_1000,bxvbfy2c,1,150,150,1
B,20211006_1000,bxvbfy2c,2,100,100,1
B,20211006_1000,bxvbfy2c,3,9000,9000,1
B,20211006_1000,bxvbfy2c,4,400000,400000,1
B,20211006_1000,bxvbfy2c,5,242,242,1
B,20211006_1000,bxvbfy2c,6,3,3,1
B,20211006_1000,bxvbfy2c,7,2,2,1
B,20211006_1000,cw8zvr2h,1,150,150,1
B,20211006_1000,cw8zvr2h,2,100,100,1
B,20211006_1000,cw8zvr2h,3,9000,9000,1
B,20211006_1000,cw8zvr2h,4,400000,400000,1
B,20211006_1000,cw8zvr2h,5,242,242,1
B,20211006_1000,cw8zvr2h,6,3,3,1
B,20211006_1000,cw8zvr2h,7,2,2,1
B,20211006_1000,9xmkmjqn,1,150,150,1
B,20211006_1000,9xmkmjqn,2,100,100,1
B,20211006_1000,9xmkmjqn,3,9000,9000,1
B,20211006_1000,9xmkmjqn,4,400000,400000,1
B,20211006_1000,9xmkmjqn,5,244,242,0
B,20211006_1000,9xmkmjqn,6,3,3,1
B,20211006_1000,9xmkmjqn,7,2,2,1
B,20211006_1000,lw7kgktf,1,150,150,1
B,20211006_1000,lw7kgktf,2,100,100,1
B,20211006_1000,lw7kgktf,3,9000,9000,1
B,20211006_1000,lw7kgktf,4,400000,400000,1
B,20211006_1000,lw7kgktf,5,240,242,0
B,20211006_1000,lw7kgktf,6,3,3,1
B,20211006_1000,lw7kgktf,7,2,2,1
E,20211006_1130,nxnxskin,1,150,150,1
E,20211006_1130,nxnxskin,2,100,100,1
E,20211006_1130,nxnxskin,3,9000,9000,1
E,20211006_1130,nxnxskin,4,400000,400000,1
E,20211006_1130,nxnxskin,5,242,242,1
E,20211006_1130,nxnxskin,6,3,3,1
E,20211006_1130,nxnxskin,7,2,2,1
E,20211006_1130,7pz0apon,1,150,150,1
E,20211006_1130,7pz0apon,2,100,100,1
E,20211006_1130,7pz0apon,3,9000,9000,1
E,20211006_1130,7pz0apon,4,400000,400000,1
E,20211006_1130,7pz0apon,5,242,242,1
E,20211006_1130,7pz0apon,6,3,3,1
E,20211006_1130,7pz0apon,7,2,2,1
E,20211006_1130,u9cxpv1u,1,150,150,1
E,20211006_1130,u9cxpv1u,2,100,100,1
E,20211006_1130,u9cxpv1u,3,9000,9000,1
E,20211006_1130,u9cxpv1u,4,400000,400000,1
E,20211006_1130,u9cxpv1u,5,242,242,1
E,20211006_1130,u9cxpv1u,6,3,3,1
E,20211006_1130,u9cxpv1u,7,2,2,1
E,20211006_1130,6xqxdjpw,1,150,150,1
E,20211006_1130,6xqxdjpw,2,100,100,1
E,20211006_1130,6xqxdjpw,3,9000,9000,1
E,20211006_1130,6xqxdjpw,4,400000,400000,1
E,20211006_1130,6xqxdjpw,5,240,242,0
E,20211006_1130,6xqxdjpw,6,3,3,1
E,20211006_1130,6xqxdjpw,7,2,2,1
E,20211006_1130,7c94vcx4,1,150,150,1
E,20211006_1130,7c94vcx4,2,100,100,1
E,20211006_1130,7c94vcx4,3,9000,9000,1
E,20211006_1130,7c94vcx4,4,400000,400000,1
E,20211006_1130,7c94vcx4,5,242,242,1
E,20211006_1130,7c94vcx4,6,3,3,1
E,20211006_1130,7c94vcx4,7,2,2,1
E,20211006_1130,jdkamnqz,1,150,150,1
E,20211006_1130,jdkamnqz,2,100,100,1
E,20211006_1130,jdkamnqz,3,9000,9000,1
E,20211006_1130,jdkamnqz,4,400000,400000,1
E,20211006_1130,jdkamnqz,5,242,242,1
E,20211006_1130,jdkamnqz,6,3,3,1
E,20211006_1130,jdkamnqz,7,2,2,1
E,20211006_1130,5brc09bu,1,150,150,1
E,20211006_1130,5brc09bu,2,100,100,1
E,20211006_1130,5brc09bu,3,9000,9000,1
E,20211006_1130,5brc09bu,4,400000,400000,1
E,20211006_1130,5brc09bu,5,242,242,1
E,20211006_1130,5brc09bu,6,3,3,1
E,20211006_1130,5brc09bu,7,2,2,1
E,20211006_1130,kxpab5sc,1,150,150,1
E,20211006_1130,kxpab5sc,2,100,100,1
E,20211006_1130,kxpab5sc,3,9000,9000,1
E,20211006_1130,kxpab5sc,4,400000,400000,1
E,20211006_1130,kxpab5sc,5,242,242,1
E,20211006_1130,kxpab5sc,6,3,3,1
E,20211006_1130,kxpab5sc,7,2,2,1
E,20211006_1130,ll506yx4,1,150,150,1
E,20211006_1130,ll506yx4,2,10,100,0
E,20211006_1130,ll506yx4,3,9000,9000,1
E,20211006_1130,ll506yx4,4,400000,400000,1
E,20211006_1130,ll506yx4,5,240,242,0
E,20211006_1130,ll506yx4,6,3,3,1
E,20211006_1130,ll506yx4,7,2,2,1
R,20211006_1300,gk9p37a4,1,150,150,1
R,20211006_1300,gk9p37a4,2,10,100,0
R,20211006_1300,gk9p37a4,3,9000,9000,1
R,20211006_1300,gk9p37a4,4,400000,400000,1
R,20211006_1300,gk9p37a4,5,240,242,0
R,20211006_1300,gk9p37a4,6,2,3,0
R,20211006_1300,gk9p37a4,7,2,2,1
R,20211006_1300,gjh1vvi8,1,150,150,1
R,20211006_1300,gjh1vvi8,2,100,100,1
R,20211006_1300,gjh1vvi8,3,9000,9000,1
R,20211006_1300,gjh1vvi8,4,400000,400000,1
R,20211006_1300,gjh1vvi8,5,242,242,1
R,20211006_1300,gjh1vvi8,6,3,3,1
R,20211006_1300,gjh1vvi8,7,2,2,1
R,20211006_1300,ve26kidg,1,150,150,1
R,20211006_1300,ve26kidg,2,100,100,1
R,20211006_1300,ve26kidg,3,9000,9000,1
R,20211006_1300,ve26kidg,4,400000,400000,1
R,20211006_1300,ve26kidg,5,242,242,1
R,20211006_1300,ve26kidg,6,3,3,1
R,20211006_1300,ve26kidg,7,2,2,1
R,20211006_1300,cdmhvur3,1,150,150,1
R,20211006_1300,cdmhvur3,2,100,100,1
R,20211006_1300,cdmhvur3,3,9000,9000,1
R,20211006_1300,cdmhvur3,4,400000,400000,1
R,20211006_1300,cdmhvur3,5,242,242,1
R,20211006_1300,cdmhvur3,6,1,3,0
R,20211006_1300,cdmhvur3,7,3,2,0
R,20211006_1300,k4kry1g9,1,150,150,1
R,20211006_1300,k4kry1g9,2,100,100,1
R,20211006_1300,k4kry1g9,3,9000,9000,1
R,20211006_1300,k4kry1g9,4,400000,400000,1
R,20211006_1300,k4kry1g9,5,242,242,1
R,20211006_1300,k4kry1g9,6,3,3,1
R,20211006_1300,k4kry1g9,7,2,2,1
R,20211006_1300,7y1cg1m5,1,150,150,1
R,20211006_1300,7y1cg1m5,2,100,100,1
R,20211006_1300,7y1cg1m5,3,9000,9000,1
R,20211006_1300,7y1cg1m5,4,400000,400000,1
R,20211006_1300,7y1cg1m5,5,242,242,1
R,20211006_1300,7y1cg1m5,6,3,3,1
R,20211006_1300,7y1cg1m5,7,2,2,1
R,20211006_1300,zdv0ikxt,1,150,150,1
R,20211006_1300,zdv0ikxt,2,100,100,1
R,20211006_1300,zdv0ikxt,3,9000,9000,1
R,20211006_1300,zdv0ikxt,4,400000,400000,1
R,20211006_1300,zdv0ikxt,5,208,242,0
R,20211006_1300,zdv0ikxt,6,3,3,1
R,20211006_1300,zdv0ikxt,7,2,2,1
R,20211006_1300,461a2pcv,1,150,150,1
R,20211006_1300,461a2pcv,2,100,100,1
R,20211006_1300,461a2pcv,3,9000,9000,1
R,20211006_1300,461a2pcv,4,400000,400000,1
R,20211006_1300,461a2pcv,5,242,242,1
R,20211006_1300,461a2pcv,6,3,3,1
R,20211006_1300,461a2pcv,7,3,2,0
R,20211006_1300,znmoz035,1,150,150,1
R,20211006_1300,znmoz035,2,100,100,1
R,20211006_1300,znmoz035,3,9000,9000,1
R,20211006_1300,znmoz035,4,400000,400000,1
R,20211006_1300,znmoz035,5,162,242,0
R,20211006_1300,znmoz035,6,1,3,0
R,20211006_1300,znmoz035,7,3,2,0
R,20211006_1300,ylkga1n5,1,150,150,1
R,20211006_1300,ylkga1n5,2,100,100,1
R,20211006_1300,ylkga1n5,3,9000,9000,1
R,20211006_1300,ylkga1n5,4,400000,400000,1
R,20211006_1300,ylkga1n5,5,242,242,1
R,20211006_1300,ylkga1n5,6,3,3,1
R,20211006_1300,ylkga1n5,7,2,2,1
R,20211006_1300,yv1cj331,1,150,150,1
R,20211006_1300,yv1cj331,2,100,100,1
R,20211006_1300,yv1cj331,3,9000,9000,1
R,20211006_1300,yv1cj331,4,400000,400000,1
R,20211006_1300,yv1cj331,5,242,242,1
R,20211006_1300,yv1cj331,6,3,3,1
R,20211006_1300,yv1cj331,7,2,2,1
R,20211006_1300,89i99jlp,1,150,150,1
R,20211006_1300,89i99jlp,2,100,100,1
R,20211006_1300,89i99jlp,3,9000,9000,1
R,20211006_1300,89i99jlp,4,400000,400000,1
R,20211006_1300,89i99jlp,5,240,242,0
R,20211006_1300,89i99jlp,6,2,3,0
R,20211006_1300,89i99jlp,7,2,2,1
ER,20211006_1430,k5qjtrxf,1,150,150,1
ER,20211006_1430,k5qjtrxf,2,100,100,1
ER,20211006_1430,k5qjtrxf,3,9000,9000,1
ER,20211006_1430,k5qjtrxf,4,400000,400000,1
ER,20211006_1430,k5qjtrxf,5,222,242,0
ER,20211006_1430,k5qjtrxf,6,3,3,1
ER,20211006_1430,k5qjtrxf,7,2,2,1
ER,20211006_1430,kki23sm3,1,150,150,1
ER,20211006_1430,kki23sm3,2,100,100,1
ER,20211006_1430,kki23sm3,3,9000,9000,1
ER,20211006_1430,kki23sm3,4,400000,400000,1
ER,20211006_1430,kki23sm3,5,242,242,1
ER,20211006_1430,kki23sm3,6,1,3,0
ER,20211006_1430,kki23sm3,7,2,2,1
ER,20211006_1430,ivlmusw9,1,150,150,1
ER,20211006_1430,ivlmusw9,2,100,100,1
ER,20211006_1430,ivlmusw9,3,9000,9000,1
ER,20211006_1430,ivlmusw9,4,400000,400000,1
ER,20211006_1430,ivlmusw9,5,242,242,1
ER,20211006_1430,ivlmusw9,6,3,3,1
ER,20211006_1430,ivlmusw9,7,2,2,1
ER,20211006_1430,bqqi8g8i,1,150,150,1
ER,20211006_1430,bqqi8g8i,2,100,100,1
ER,20211006_1430,bqqi8g8i,3,9000,9000,1
ER,20211006_1430,bqqi8g8i,4,400000,400000,1
ER,20211006_1430,bqqi8g8i,5,242,242,1
ER,20211006_1430,bqqi8g8i,6,3,3,1
ER,20211006_1430,bqqi8g8i,7,2,2,1
ER,20211006_1430,uqucl6cz,1,150,150,1
ER,20211006_1430,uqucl6cz,2,100,100,1
ER,20211006_1430,uqucl6cz,3,10000,9000,0
ER,20211006_1430,uqucl6cz,4,400000,400000,1
ER,20211006_1430,uqucl6cz,5,242,242,1
ER,20211006_1430,uqucl6cz,6,3,3,1
ER,20211006_1430,uqucl6cz,7,2,2,1
ER,20211006_1430,dq31a15z,1,150,150,1
ER,20211006_1430,dq31a15z,2,100,100,1
ER,20211006_1430,dq31a15z,3,9000,9000,1
ER,20211006_1430,dq31a15z,4,400000,400000,1
ER,20211006_1430,dq31a15z,5,242,242,1
ER,20211006_1430,dq31a15z,6,3,3,1
ER,20211006_1430,dq31a15z,7,2,2,1
ER,20211006_1430,xvaeh4uu,1,150,150,1
ER,20211006_1430,xvaeh4uu,2,100,100,1
ER,20211006_1430,xvaeh4uu,3,9000,9000,1
ER,20211006_1430,xvaeh4uu,4,400000,400000,1
ER,20211006_1430,xvaeh4uu,5,242,242,1
ER,20211006_1430,xvaeh4uu,6,3,3,1
ER,20211006_1430,xvaeh4uu,7,2,2,1
ER,20211006_1430,2z3t80j3,1,150,150,1
ER,20211006_1430,2z3t80j3,2,100,100,1
ER,20211006_1430,2z3t80j3,3,10000,9000,0
ER,20211006_1430,2z3t80j3,4,400000,400000,1
ER,20211006_1430,2z3t80j3,5,240,242,0
ER,20211006_1430,2z3t80j3,6,3,3,1
ER,20211006_1430,2z3t80j3,7,2,2,1
ER,20211006_1430,2f3nbwhw,1,150,150,1
ER,20211006_1430,2f3nbwhw,2,100,100,1
ER,20211006_1430,2f3nbwhw,3,9000,9000,1
ER,20211006_1430,2f3nbwhw,4,400000,400000,1
ER,20211006_1430,2f3nbwhw,5,242,242,1
ER,20211006_1430,2f3nbwhw,6,3,3,1
ER,20211006_1430,2f3nbwhw,7,2,2,1
ER,20211006_1430,uve3xn10,1,150,150,1
ER,20211006_1430,uve3xn10,2,100,100,1
ER,20211006_1430,uve3xn10,3,9000,9000,1
ER,20211006_1430,uve3xn10,4,400000,400000,1
ER,20211006_1430,uve3xn10,5,240,242,0
ER,20211006_1430,uve3xn10,6,2,3,0
ER,20211006_1430,uve3xn10,7,2,2,1
ER,20211006_1430,akkimxbz,1,150,150,1
ER,20211006_1430,akkimxbz,2,100,100,1
ER,20211006_1430,akkimxbz,3,9000,9000,1
ER,20211006_1430,akkimxbz,4,400000,400000,1
ER,20211006_1430,akkimxbz,5,242,242,1
ER,20211006_1430,akkimxbz,6,3,3,1
ER,20211006_1430,akkimxbz,7,2,2,1
ER,20211006_1430,xleira1s,1,150,150,1
ER,20211006_1430,xleira1s,2,100,100,1
ER,20211006_1430,xleira1s,3,10000,9000,0
ER,20211006_1430,xleira1s,4,400000,400000,1
ER,20211006_1430,xleira1s,5,240,242,0
ER,20211006_1430,xleira1s,6,3,3,1
ER,20211006_1430,xleira1s,7,2,2,1
B,20211011_1000,lualaqid,1,150,150,1
B,20211011_1000,lualaqid,2,100,100,1
B,20211011_1000,lualaqid,3,9000,9000,1
B,20211011_1000,lualaqid,4,400000,400000,1
B,20211011_1000,lualaqid,5,242,242,1
B,20211011_1000,lualaqid,6,3,3,1
B,20211011_1000,lualaqid,7,2,2,1
B,20211011_1000,icuf6r3i,1,150,150,1
B,20211011_1000,icuf6r3i,2,100,100,1
B,20211011_1000,icuf6r3i,3,9000,9000,1
B,20211011_1000,icuf6r3i,4,400000,400000,1
B,20211011_1000,icuf6r3i,5,242,242,1
B,20211011_1000,icuf6r3i,6,3,3,1
B,20211011_1000,icuf6r3i,7,2,2,1
B,20211011_1000,6q4v8zwn,1,150,150,1
B,20211011_1000,6q4v8zwn,2,100,100,1
B,20211011_1000,6q4v8zwn,3,9000,9000,1
B,20211011_1000,6q4v8zwn,4,400000,400000,1
B,20211011_1000,6q4v8zwn,5,242,242,1
B,20211011_1000,6q4v8zwn,6,3,3,1
B,20211011_1000,6q4v8zwn,7,2,2,1
B,20211011_1000,91o7t87s,1,150,150,1
B,20211011_1000,91o7t87s,2,100,100,1
B,20211011_1000,91o7t87s,3,9000,9000,1
B,20211011_1000,91o7t87s,4,400000,400000,1
B,20211011_1000,91o7t87s,5,242,242,1
B,20211011_1000,91o7t87s,6,3,3,1
B,20211011_1000,91o7t87s,7,2,2,1
B,20211011_1000,tw6ofzo6,1,150,150,1
B,20211011_1000,tw6ofzo6,2,100,100,1
B,20211011_1000,tw6ofzo6,3,9000,9000,1
B,20211011_1000,tw6ofzo6,4,400000,400000,1
B,20211011_1000,tw6ofzo6,5,240,242,0
B,20211011_1000,tw6ofzo6,6,1,3,0
B,20211011_1000,tw6ofzo6,7,2,2,1
B,20211011_1000,rz20kdvj,1,150,150,1
B,20211011_1000,rz20kdvj,2,100,100,1
B,20211011_1000,rz20kdvj,3,9000,9000,1
B,20211011_1000,rz20kdvj,4,400000,400000,1
B,20211011_1000,rz20kdvj,5,242,242,1
B,20211011_1000,rz20kdvj,6,3,3,1
B,20211011_1000,rz20kdvj,7,2,2,1
B,20211011_1000,gz2c6vox,1,150,150,1
B,20211011_1000,gz2c6vox,2,100,100,1
B,20211011_1000,gz2c6vox,3,9000,9000,1
B,20211011_1000,gz2c6vox,4,400000,400000,1
B,20211011_1000,gz2c6vox,5,242,242,1
B,20211011_1000,gz2c6vox,6,3,3,1
B,20211011_1000,gz2c6vox,7,2,2,1
E,20211011_1200,fkt0idrw,1,150,150,1
E,20211011_1200,fkt0idrw,2,100,100,1
E,20211011_1200,fkt0idrw,3,9000,9000,1
E,20211011_1200,fkt0idrw,4,400000,400000,1
E,20211011_1200,fkt0idrw,5,231,242,0
E,20211011_1200,fkt0idrw,6,3,3,1
E,20211011_1200,fkt0idrw,7,3,2,0
E,20211011_1200,4nfjsw26,1,150,150,1
E,20211011_1200,4nfjsw26,2,100,100,1
E,20211011_1200,4nfjsw26,3,9000,9000,1
E,20211011_1200,4nfjsw26,4,400000,400000,1
E,20211011_1200,4nfjsw26,5,242,242,1
E,20211011_1200,4nfjsw26,6,1,3,0
E,20211011_1200,4nfjsw26,7,2,2,1
E,20211011_1200,8146ibpz,1,150,150,1
E,20211011_1200,8146ibpz,2,100,100,1
E,20211011_1200,8146ibpz,3,9000,9000,1
E,20211011_1200,8146ibpz,4,400000,400000,1
E,20211011_1200,8146ibpz,5,242,242,1
E,20211011_1200,8146ibpz,6,3,3,1
E,20211011_1200,8146ibpz,7,2,2,1
E,20211011_1200,oa9qe2uy,1,150,150,1
E,20211011_1200,oa9qe2uy,2,100,100,1
E,20211011_1200,oa9qe2uy,3,9000,9000,1
E,20211011_1200,oa9qe2uy,4,400000,400000,1
E,20211011_1200,oa9qe2uy,5,242,242,1
E,20211011_1200,oa9qe2uy,6,3,3,1
E,20211011_1200,oa9qe2uy,7,3,2,0
E,20211011_1200,al37f6iv,1,150,150,1
E,20211011_1200,al37f6iv,2,100,100,1
E,20211011_1200,al37f6iv,3,8000,9000,0
E,20211011_1200,al37f6iv,4,400000,400000,1
E,20211011_1200,al37f6iv,5,40,242,0
E,20211011_1200,al37f6iv,6,3,3,1
E,20211011_1200,al37f6iv,7,2,2,1
E,20211011_1200,x27fok07,1,150,150,1
E,20211011_1200,x27fok07,2,100,100,1
E,20211011_1200,x27fok07,3,9000,9000,1
E,20211011_1200,x27fok07,4,400000,400000,1
E,20211011_1200,x27fok07,5,242,242,1
E,20211011_1200,x27fok07,6,3,3,1
E,20211011_1200,x27fok07,7,2,2,1
E,20211011_1200,sh2jndtq,1,150,150,1
E,20211011_1200,sh2jndtq,2,100,100,1
E,20211011_1200,sh2jndtq,3,9000,9000,1
E,20211011_1200,sh2jndtq,4,400000,400000,1
E,20211011_1200,sh2jndtq,5,242,242,1
E,20211011_1200,sh2jndtq,6,3,3,1
E,20211011_1200,sh2jndtq,7,2,2,1
E,20211011_1200,mx2jjjo0,1,150,150,1
E,20211011_1200,mx2jjjo0,2,100,100,1
E,20211011_1200,mx2jjjo0,3,9000,9000,1
E,20211011_1200,mx2jjjo0,4,400000,400000,1
E,20211011_1200,mx2jjjo0,5,242,242,1
E,20211011_1200,mx2jjjo0,6,3,3,1
E,20211011_1200,mx2jjjo0,7,2,2,1
E,20211011_1200,r58np4zf,1,150,150,1
E,20211011_1200,r58np4zf,2,100,100,1
E,20211011_1200,r58np4zf,3,9000,9000,1
E,20211011_1200,r58np4zf,4,400000,400000,1
E,20211011_1200,r58np4zf,5,242,242,1
E,20211011_1200,r58np4zf,6,3,3,1
E,20211011_1200,r58np4zf,7,2,2,1
E,20211011_1200,suj4f23a,1,150,150,1
E,20211011_1200,suj4f23a,2,100,100,1
E,20211011_1200,suj4f23a,3,9000,9000,1
E,20211011_1200,suj4f23a,4,400000,400000,1
E,20211011_1200,suj4f23a,5,242,242,1
E,20211011_1200,suj4f23a,6,3,3,1
E,20211011_1200,suj4f23a,7,2,2,1
R,20211013_1300,igi0kjnb,1,150,150,1
R,20211013_1300,igi0kjnb,2,100,100,1
R,20211013_1300,igi0kjnb,3,9000,9000,1
R,20211013_1300,igi0kjnb,4,400000,400000,1
R,20211013_1300,igi0kjnb,5,242,242,1
R,20211013_1300,igi0kjnb,6,3,3,1
R,20211013_1300,igi0kjnb,7,2,2,1
R,20211013_1300,1cnerogk,1,150,150,1
R,20211013_1300,1cnerogk,2,30,100,0
R,20211013_1300,1cnerogk,3,9000,9000,1
R,20211013_1300,1cnerogk,4,400000,400000,1
R,20211013_1300,1cnerogk,5,240,242,0
R,20211013_1300,1cnerogk,6,3,3,1
R,20211013_1300,1cnerogk,7,2,2,1
R,20211013_1300,5qhyejyx,1,150,150,1
R,20211013_1300,5qhyejyx,2,100,100,1
R,20211013_1300,5qhyejyx,3,9000,9000,1
R,20211013_1300,5qhyejyx,4,400000,400000,1
R,20211013_1300,5qhyejyx,5,242,242,1
R,20211013_1300,5qhyejyx,6,1,3,0
R,20211013_1300,5qhyejyx,7,2,2,1
R,20211013_1300,8fkffj19,1,150,150,1
R,20211013_1300,8fkffj19,2,100,100,1
R,20211013_1300,8fkffj19,3,9000,9000,1
R,20211013_1300,8fkffj19,4,400000,400000,1
R,20211013_1300,8fkffj19,5,240,242,0
R,20211013_1300,8fkffj19,6,3,3,1
R,20211013_1300,8fkffj19,7,2,2,1
R,20211013_1300,8mcbmy3x,1,150,150,1
R,20211013_1300,8mcbmy3x,2,100,100,1
R,20211013_1300,8mcbmy3x,3,9000,9000,1
R,20211013_1300,8mcbmy3x,4,400000,400000,1
R,20211013_1300,8mcbmy3x,5,242,242,1
R,20211013_1300,8mcbmy3x,6,3,3,1
R,20211013_1300,8mcbmy3x,7,2,2,1
R,20211013_1300,cv7fojrc,1,150,150,1
R,20211013_1300,cv7fojrc,2,100,100,1
R,20211013_1300,cv7fojrc,3,9000,9000,1
R,20211013_1300,cv7fojrc,4,400000,400000,1
R,20211013_1300,cv7fojrc,5,242,242,1
R,20211013_1300,cv7fojrc,6,3,3,1
R,20211013_1300,cv7fojrc,7,2,2,1
R,20211013_1300,ce3ju9sq,1,150,150,1
R,20211013_1300,ce3ju9sq,2,100,100,1
R,20211013_1300,ce3ju9sq,3,9000,9000,1
R,20211013_1300,ce3ju9sq,4,400000,400000,1
R,20211013_1300,ce3ju9sq,5,240,242,0
R,20211013_1300,ce3ju9sq,6,3,3,1
R,20211013_1300,ce3ju9sq,7,2,2,1
R,20211013_1300,vacatglc,1,150,150,1
R,20211013_1300,vacatglc,2,100,100,1
R,20211013_1300,vacatglc,3,9000,9000,1
R,20211013_1300,vacatglc,4,400000,400000,1
R,20211013_1300,vacatglc,5,242,242,1
R,20211013_1300,vacatglc,6,3,3,1
R,20211013_1300,vacatglc,7,2,2,1
ER,20211013_1500,41xn2qh9,1,150,150,1
ER,20211013_1500,41xn2qh9,2,100,100,1
ER,20211013_1500,41xn2qh9,3,9000,9000,1
ER,20211013_1500,41xn2qh9,4,400000,400000,1
ER,20211013_1500,41xn2qh9,5,242,242,1
ER,20211013_1500,41xn2qh9,6,3,3,1
ER,20211013_1500,41xn2qh9,7,2,2,1
ER,20211013_1500,oh2n10bg,1,150,150,1
ER,20211013_1500,oh2n10bg,2,100,100,1
ER,20211013_1500,oh2n10bg,3,9000,9000,1
ER,20211013_1500,oh2n10bg,4,400000,400000,1
ER,20211013_1500,oh2n10bg,5,242,242,1
ER,20211013_1500,oh2n10bg,6,3,3,1
ER,20211013_1500,oh2n10bg,7,2,2,1
ER,20211013_1500,q11ysnzk,1,150,150,1
ER,20211013_1500,q11ysnzk,2,100,100,1
ER,20211013_1500,q11ysnzk,3,9000,9000,1
ER,20211013_1500,q11ysnzk,4,400000,400000,1
ER,20211013_1500,q11ysnzk,5,242,242,1
ER,20211013_1500,q11ysnzk,6,3,3,1
ER,20211013_1500,q11ysnzk,7,2,2,1
ER,20211013_1500,a6oaeycq,1,150,150,1
ER,20211013_1500,a6oaeycq,2,100,100,1
ER,20211013_1500,a6oaeycq,3,9000,9000,1
ER,20211013_1500,a6oaeycq,4,200000,400000,0
ER,20211013_1500,a6oaeycq,5,240,242,0
ER,20211013_1500,a6oaeycq,6,3,3,1
ER,20211013_1500,a6oaeycq,7,2,2,1
ER,20211013_1500,vt0oite2,1,150,150,1
ER,20211013_1500,vt0oite2,2,100,100,1
ER,20211013_1500,vt0oite2,3,9000,9000,1
ER,20211013_1500,vt0oite2,4,400000,400000,1
ER,20211013_1500,vt0oite2,5,242,242,1
ER,20211013_1500,vt0oite2,6,3,3,1
ER,20211013_1500,vt0oite2,7,2,2,1
ER,20211013_1500,ohbqkpz4,1,150,150,1
ER,20211013_1500,ohbqkpz4,2,100,100,1
ER,20211013_1500,ohbqkpz4,3,9000,9000,1
ER,20211013_1500,ohbqkpz4,4,400000,400000,1
ER,20211013_1500,ohbqkpz4,5,242,242,1
ER,20211013_1500,ohbqkpz4,6,3,3,1
ER,20211013_1500,ohbqkpz4,7,2,2,1
ER,20211013_1500,wpfto96w,1,150,150,1
ER,20211013_1500,wpfto96w,2,100,100,1
ER,20211013_1500,wpfto96w,3,9000,9000,1
ER,20211013_1500,wpfto96w,4,400000,400000,1
ER,20211013_1500,wpfto96w,5,242,242,1
ER,20211013_1500,wpfto96w,6,3,3,1
ER,20211013_1500,wpfto96w,7,2,2,1
ER,20211013_1500,rjm9etlc,1,150,150,1
ER,20211013_1500,rjm9etlc,2,100,100,1
ER,20211013_1500,rjm9etlc,3,9000,9000,1
ER,20211013_1500,rjm9etlc,4,400000,400000,1
ER,20211013_1500,rjm9etlc,5,242,242,1
ER,20211013_1500,rjm9etlc,6,3,3,1
ER,20211013_1500,rjm9etlc,7,2,2,1
B,20211018_1200,4z0umzd2,1,150,150,1
B,20211018_1200,4z0umzd2,2,100,100,1
B,20211018_1200,4z0umzd2,3,9000,9000,1
B,20211018_1200,4z0umzd2,4,400000,400000,1
B,20211018_1200,4z0umzd2,5,260,242,0
B,20211018_1200,4z0umzd2,6,3,3,1
B,20211018_1200,4z0umzd2,7,2,2,1
B,20211018_1200,towss002,1,150,150,1
B,20211018_1200,towss002,2,100,100,1
B,20211018_1200,towss002,3,9000,9000,1
B,20211018_1200,towss002,4,400000,400000,1
B,20211018_1200,towss002,5,242,242,1
B,20211018_1200,towss002,6,3,3,1
B,20211018_1200,towss002,7,2,2,1
B,20211018_1200,w7wkpai0,1,150,150,1
B,20211018_1200,w7wkpai0,2,100,100,1
B,20211018_1200,w7wkpai0,3,9000,9000,1
B,20211018_1200,w7wkpai0,4,400000,400000,1
B,20211018_1200,w7wkpai0,5,242,242,1
B,20211018_1200,w7wkpai0,6,3,3,1
B,20211018_1200,w7wkpai0,7,2,2,1
B,20211018_1200,xi8u6zr6,1,150,150,1
B,20211018_1200,xi8u6zr6,2,100,100,1
B,20211018_1200,xi8u6zr6,3,9000,9000,1
B,20211018_1200,xi8u6zr6,4,400000,400000,1
B,20211018_1200,xi8u6zr6,5,242,242,1
B,20211018_1200,xi8u6zr6,6,3,3,1
B,20211018_1200,xi8u6zr6,7,2,2,1
B,20211018_1200,sjnia5kz,1,150,150,1
B,20211018_1200,sjnia5kz,2,100,100,1
B,20211018_1200,sjnia5kz,3,9000,9000,1
B,20211018_1200,sjnia5kz,4,400000,400000,1
B,20211018_1200,sjnia5kz,5,242,242,1
B,20211018_1200,sjnia5kz,6,3,3,1
B,20211018_1200,sjnia5kz,7,2,2,1
B,20211018_1200,e1u5e0p2,1,150,150,1
B,20211018_1200,e1u5e0p2,2,100,100,1
B,20211018_1200,e1u5e0p2,3,9000,9000,1
B,20211018_1200,e1u5e0p2,4,400000,400000,1
B,20211018_1200,e1u5e0p2,5,242,242,1
B,20211018_1200,e1u5e0p2,6,3,3,1
B,20211018_1200,e1u5e0p2,7,2,2,1
B,20211018_1200,3teu8bii,1,150,150,1
B,20211018_1200,3teu8bii,2,100,100,1
B,20211018_1200,3teu8bii,3,9000,9000,1
B,20211018_1200,3teu8bii,4,400000,400000,1
B,20211018_1200,3teu8bii,5,242,242,1
B,20211018_1200,3teu8bii,6,3,3,1
B,20211018_1200,3teu8bii,7,2,2,1
B,20211018_1200,uvptgp2n,1,150,150,1
B,20211018_1200,uvptgp2n,2,100,100,1
B,20211018_1200,uvptgp2n,3,9000,9000,1
B,20211018_1200,uvptgp2n,4,400000,400000,1
B,20211018_1200,uvptgp2n,5,240,242,0
B,20211018_1200,uvptgp2n,6,3,3,1
B,20211018_1200,uvptgp2n,7,2,2,1
B,20211018_1200,oukkjmup,1,150,150,1
B,20211018_1200,oukkjmup,2,100,100,1
B,20211018_1200,oukkjmup,3,9000,9000,1
B,20211018_1200,oukkjmup,4,400000,400000,1
B,20211018_1200,oukkjmup,5,242,242,1
B,20211018_1200,oukkjmup,6,3,3,1
B,20211018_1200,oukkjmup,7,2,2,1
