country_name,country_code,constituency_name,constituency_code,electorate,valid_votes,invalid_votes
Wales,W92000004,Aberafan Maesteg,W07000081,72580,35755,79
Scotland,S92000003,Aberdeen North,S14000060,75925,42095,115
Scotland,S92000003,Aberdeenshire North and Moray East,S14000062,70058,38188,170
Scotland,S92000003,Aberdeen South,S14000061,77328,46345,178
Scotland,S92000003,Airdrie and Shotts,S14000063,70199,36666,95
England,E92000001,Aldershot,E14001063,78553,48544,179
England,E92000001,Aldridge-Brownhills,E14001064,70268,40912,156
Scotland,S92000003,Alloa and Grangemouth,S14000064,70680,41201,74
England,E92000001,Altrincham and Sale West,E14001065,74025,51452,184
Wales,W92000004,Alyn and Deeside,W07000082,75790,43392,135
England,E92000001,Amber Valley,E14001066,71546,42531,105
Scotland,S92000003,Angus and Perthshire Glens,S14000065,76668,47348,224
Scotland,S92000003,Arbroath and Broughty Ferry,S14000066,76149,44117,161
Scotland,S92000003,"Argyll, Bute and South Lochaber",S14000067,71756,44862,216
England,E92000001,Arundel and South Downs,E14001067,77969,54740,214
England,E92000001,Ashfield,E14001068,68929,39882,102
England,E92000001,Ashford,E14001069,76233,46975,164
England,E92000001,Ashton-under-Lyne,E14001070,71002,35461,136
England,E92000001,Aylesbury,E14001071,79169,49940,213
Scotland,S92000003,"Ayr, Carrick and Cumnock",S14000107,70340,40936,120
England,E92000001,Banbury,E14001072,73250,48178,187
Wales,W92000004,Bangor Aberconwy,W07000083,70527,41660,154
England,E92000001,Barking,E14001073,79822,36477,120
England,E92000001,Barnsley North,E14001074,78274,36894,114
England,E92000001,Barnsley South,E14001075,75853,35082,78
England,E92000001,Barrow and Furness,E14001076,74980,42221,141
England,E92000001,Basildon and Billericay,E14001077,76873,42124,176
England,E92000001,Basingstoke,E14001078,78487,48989,189
England,E92000001,Bassetlaw,E14001079,78161,44878,150
England,E92000001,Bath,E14001080,69662,48130,192
Scotland,S92000003,Bathgate and Linlithgow,S14000068,72185,42065,92
England,E92000001,Battersea,E14001081,72827,47082,237
England,E92000001,Beaconsfield,E14001082,72751,47726,162
England,E92000001,Beckenham and Penge,E14001083,77198,52222,218
England,E92000001,Bedford,E14001084,72478,40659,210
Northern Ireland,N92000002,Belfast East,N05000001,72917,42706,184
Northern Ireland,N92000002,Belfast North,N05000002,74240,40452,293
Northern Ireland,N92000002,Belfast South and Mid Down,N05000003,74749,43491,266
Northern Ireland,N92000002,Belfast West,N05000004,75346,39743,256
England,E92000001,Bermondsey and Old Southwark,E14001085,69482,37603,180
Scotland,S92000003,"Berwickshire, Roxburgh and Selkirk",S14000108,76438,46558,138
England,E92000001,Bethnal Green and Stepney,E14001086,81439,46647,320
England,E92000001,Beverley and Holderness,E14001087,71994,44897,144
England,E92000001,Bexhill and Battle,E14001088,72198,47750,188
England,E92000001,Bexleyheath and Crayford,E14001089,70297,43461,118
England,E92000001,Bicester and Woodstock,E14001090,74353,50219,167
England,E92000001,Birkenhead,E14001091,78091,43134,142
England,E92000001,Birmingham Edgbaston,E14001092,71787,37428,179
England,E92000001,Birmingham Erdington,E14001093,77463,34137,152
England,E92000001,Birmingham Hall Green and Moseley,E14001094,76936,41606,256
England,E92000001,Birmingham Hodge Hill and Solihull North,E14001095,77737,34136,127
England,E92000001,Birmingham Ladywood,E14001096,83693,36579,203
England,E92000001,Birmingham Northfield,E14001097,74048,37652,138
England,E92000001,Birmingham Perry Barr,E14001098,76350,37476,211
England,E92000001,Birmingham Selly Oak,E14001099,75678,38423,144
England,E92000001,Birmingham Yardley,E14001100,73203,36144,128
England,E92000001,Bishop Auckland,E14001101,70745,40427,133
England,E92000001,Blackburn,E14001102,73263,38887,163
England,E92000001,Blackley and Middleton South,E14001103,72303,31340,149
England,E92000001,Blackpool North and Fleetwood,E14001104,73229,41810,128
England,E92000001,Blackpool South,E14001105,77460,35180,129
Wales,W92000004,Blaenau Gwent and Rhymney,W07000084,70153,29922,516
England,E92000001,Blaydon and Consett,E14001106,70487,42216,120
England,E92000001,Blyth and Ashington,E14001107,76595,40401,126
England,E92000001,Bognor Regis and Littlehampton,E14001108,76854,47827,186
England,E92000001,Bolsover,E14001109,77207,42434,111
England,E92000001,Bolton North East,E14001110,80011,43359,148
England,E92000001,Bolton South and Walkden,E14001111,79622,36930,138
England,E92000001,Bolton West,E14001112,74933,44598,180
England,E92000001,Bootle,E14001113,73037,38880,139
England,E92000001,Boston and Skegness,E14001114,75811,40455,128
England,E92000001,Bournemouth East,E14001115,72354,44910,143
England,E92000001,Bournemouth West,E14001116,70259,39418,137
England,E92000001,Bracknell,E14001117,71660,43837,155
England,E92000001,Bradford East,E14001118,75164,37216,148
England,E92000001,Bradford South,E14001119,70999,33042,91
England,E92000001,Bradford West,E14001120,77897,37081,219
England,E92000001,Braintree,E14001121,77673,49028,167
Wales,W92000004,"Brecon, Radnor and Cwm Tawe",W07000085,73114,46548,120
England,E92000001,Brent East,E14001122,77547,37802,243
England,E92000001,Brentford and Isleworth,E14001124,79423,45254,219
England,E92000001,Brent West,E14001123,80027,41376,199
England,E92000001,Brentwood and Ongar,E14001125,75352,48332,169
Wales,W92000004,Bridgend,W07000086,73168,41374,108
England,E92000001,Bridgwater,E14001126,71571,40129,149
England,E92000001,Bridlington and The Wolds,E14001127,74438,42937,140
England,E92000001,Brigg and Immingham,E14001128,73099,42508,168
England,E92000001,Brighton Kemptown and Peacehaven,E14001129,68784,40686,557
England,E92000001,Brighton Pavilion,E14001130,74786,52363,209
England,E92000001,Bristol Central,E14001131,62735,43365,165
England,E92000001,Bristol East,E14001132,75917,46109,845
England,E92000001,Bristol North East,E14001133,70076,41989,160
England,E92000001,Bristol North West,E14001134,74869,48464,264
England,E92000001,Bristol South,E14001135,75533,43403,179
England,E92000001,Broadland and Fakenham,E14001136,76863,49513,192
England,E92000001,Bromley and Biggin Hill,E14001137,70713,46788,173
England,E92000001,Bromsgrove,E14001138,76468,50405,140
England,E92000001,Broxbourne,E14001139,75210,42952,142
England,E92000001,Broxtowe,E14001140,70440,47838,165
England,E92000001,Buckingham and Bletchley,E14001141,74832,47641,206
England,E92000001,Burnley,E14001142,74954,39719,130
England,E92000001,Burton and Uttoxeter,E14001143,77994,45627,161
England,E92000001,Bury North,E14001144,77686,45520,174
England,E92000001,Bury South,E14001145,75326,42214,170
England,E92000001,Bury St Edmunds and Stowmarket,E14001146,78479,50893,193
Wales,W92000004,Caerfyrddin,W07000087,74005,45604,187
Wales,W92000004,Caerphilly,W07000088,72648,38234,156
Scotland,S92000003,"Caithness, Sutherland and Easter Ross",S14000069,74627,46048,122
England,E92000001,Calder Valley,E14001147,77364,49608,188
England,E92000001,Camborne and Redruth,E14001148,74342,47785,196
England,E92000001,Cambridge,E14001149,70321,42100,372
England,E92000001,Cannock Chase,E14001150,76974,42953,119
England,E92000001,Canterbury,E14001151,71155,47231,173
Wales,W92000004,Cardiff East,W07000089,72876,39123,172
Wales,W92000004,Cardiff North,W07000090,71460,47473,232
Wales,W92000004,Cardiff South and Penarth,W07000091,73060,39176,221
Wales,W92000004,Cardiff West,W07000092,75697,44757,195
England,E92000001,Carlisle,E14001152,77863,45979,152
England,E92000001,Carshalton and Wallington,E14001153,74362,46670,117
England,E92000001,Castle Point,E14001154,71026,40633,138
Scotland,S92000003,Central Ayrshire,S14000109,69413,41419,123
England,E92000001,Central Devon,E14001155,75385,53432,211
England,E92000001,Central Suffolk and North Ipswich,E14001156,73046,46423,215
Wales,W92000004,Ceredigion Preseli,W07000093,75690,46302,155
England,E92000001,Chatham and Aylesford,E14001157,75109,40845,124
England,E92000001,Cheadle,E14001158,74383,50731,110
England,E92000001,Chelmsford,E14001159,76970,50716,139
England,E92000001,Chelsea and Fulham,E14001160,78468,47116,184
England,E92000001,Cheltenham,E14001161,76144,49542,986
England,E92000001,Chesham and Amersham,E14001162,74889,54455,161
England,E92000001,Chesterfield,E14001165,71645,41555,135
England,E92000001,Chester North and Neston,E14001163,70215,44694,216
England,E92000001,Chester South and Eddisbury,E14001164,74284,52486,155
England,E92000001,Chichester,E14001166,78374,51947,146
England,E92000001,Chingford and Woodford Green,E14001167,74010,48512,135
England,E92000001,Chippenham,E14001168,74107,49512,157
England,E92000001,Chipping Barnet,E14001169,78038,50859,209
England,E92000001,Chorley,E14001170,74801,33964,1198
England,E92000001,Christchurch,E14001171,71060,47335,143
England,E92000001,Cities of London and Westminster,E14001172,73369,39215,202
England,E92000001,City of Durham,E14001173,70583,40627,165
England,E92000001,Clacton,E14001174,78245,45958,111
England,E92000001,Clapham and Brixton Hill,E14001175,83114,42741,209
Wales,W92000004,Clwyd East,W07000094,76637,47822,163
Wales,W92000004,Clwyd North,W07000095,75027,41627,111
Scotland,S92000003,Coatbridge and Bellshill,S14000070,72667,38731,115
England,E92000001,Colchester,E14001176,78662,44903,156
England,E92000001,Colne Valley,E14001177,72683,46221,139
England,E92000001,Congleton,E14001178,72914,50125,153
England,E92000001,Corby and East Northamptonshire,E14001179,78770,49589,165
England,E92000001,Coventry East,E14001180,75773,37014,144
England,E92000001,Coventry North West,E14001181,75036,42030,180
England,E92000001,Coventry South,E14001182,76232,42731,159
Scotland,S92000003,Cowdenbeath and Kirkcaldy,S14000071,71845,40814,106
England,E92000001,Cramlington and Killingworth,E14001183,76228,45394,128
England,E92000001,Crawley,E14001184,75569,45642,190
England,E92000001,Crewe and Nantwich,E14001185,77095,47197,140
England,E92000001,Croydon East,E14001186,76595,43779,128
England,E92000001,Croydon South,E14001187,74889,49378,159
England,E92000001,Croydon West,E14001188,77891,38122,172
Scotland,S92000003,Cumbernauld and Kirkintilloch,S14000072,70350,40976,170
England,E92000001,Dagenham and Rainham,E14001189,76475,38867,118
England,E92000001,Darlington,E14001190,70672,42378,121
England,E92000001,Dartford,E14001191,75426,44488,272
England,E92000001,Daventry,E14001192,80879,53082,216
England,E92000001,Derby North,E14001193,71879,40919,187
England,E92000001,Derbyshire Dales,E14001195,73324,51272,173
England,E92000001,Derby South,E14001194,72944,37399,145
England,E92000001,Dewsbury and Batley,E14001196,71685,38070,131
England,E92000001,Didcot and Wantage,E14001197,80689,54733,215
England,E92000001,Doncaster Central,E14001198,74678,37944,113
England,E92000001,Doncaster East and the Isle of Axholme,E14001199,70154,39132,134
England,E92000001,Doncaster North,E14001200,69759,31002,475
England,E92000001,Dorking and Horley,E14001201,71645,49965,168
England,E92000001,Dover and Deal,E14001202,76406,47775,185
England,E92000001,Droitwich and Evesham,E14001203,76624,49609,177
England,E92000001,Dudley,E14001204,70151,35796,110
England,E92000001,Dulwich and West Norwood,E14001205,79894,45378,227
Scotland,S92000003,Dumfries and Galloway,S14000073,78541,45775,162
Scotland,S92000003,"Dumfriesshire, Clydesdale and Tweeddale",S14000074,71900,44214,133
Scotland,S92000003,Dundee Central,S14000075,74221,38848,153
Scotland,S92000003,Dunfermline and Dollar,S14000076,72824,44537,140
England,E92000001,Dunstable and Leighton Buzzard,E14001206,76742,46045,171
Wales,W92000004,Dwyfor Meirionnydd,W07000096,73040,40395,215
England,E92000001,Ealing Central and Acton,E14001207,78436,47769,254
England,E92000001,Ealing North,E14001208,74820,43232,198
England,E92000001,Ealing Southall,E14001209,78669,46816,214
England,E92000001,Earley and Woodley,E14001210,73548,45914,572
England,E92000001,Easington,E14001211,69395,34324,72
Northern Ireland,N92000002,East Antrim,N05000005,73302,39675,142
England,E92000001,Eastbourne,E14001219,72590,45605,159
England,E92000001,East Grinstead and Uckfield,E14001212,75385,50393,471
England,E92000001,East Ham,E14001213,79219,37892,173
England,E92000001,East Hampshire,E14001214,70659,50006,157
Scotland,S92000003,East Kilbride and Strathaven,S14000077,76414,46707,131
England,E92000001,Eastleigh,E14001220,69965,46420,130
Northern Ireland,N92000002,East Londonderry,N05000006,75707,41277,158
Scotland,S92000003,East Renfrewshire,S14000021,74626,50227,141
England,E92000001,East Surrey,E14001215,73307,49196,208
England,E92000001,East Thanet,E14001216,74927,42713,167
England,E92000001,East Wiltshire,E14001217,74139,47193,167
England,E92000001,East Worthing and Shoreham,E14001218,74738,49078,181
Scotland,S92000003,Edinburgh East and Musselburgh,S14000078,76188,45575,206
Scotland,S92000003,Edinburgh North and Leith,S14000079,78411,49475,173
Scotland,S92000003,Edinburgh South,S14000080,70838,46826,125
Scotland,S92000003,Edinburgh South West,S14000081,73784,45664,147
Scotland,S92000003,Edinburgh West,S14000082,76490,52471,137
England,E92000001,Edmonton and Winchmore Hill,E14001221,75792,41045,204
England,E92000001,Ellesmere Port and Bromborough,E14001222,70799,41964,153
England,E92000001,Eltham and Chislehurst,E14001223,73979,45566,192
England,E92000001,Ely and East Cambridgeshire,E14001224,79112,52369,155
England,E92000001,Enfield North,E14001225,78770,43492,159
England,E92000001,Epping Forest,E14001226,72229,41753,793
England,E92000001,Epsom and Ewell,E14001227,76513,54525,172
England,E92000001,Erewash,E14001228,71501,43006,175
England,E92000001,Erith and Thamesmead,E14001229,78740,40379,157
England,E92000001,Esher and Walton,E14001230,74042,53880,157
England,E92000001,Exeter,E14001231,67840,40195,180
England,E92000001,Exmouth and Exeter East,E14001232,79983,51326,151
Scotland,S92000003,Falkirk,S14000083,73584,42625,131
England,E92000001,Fareham and Waterlooville,E14001233,76947,50123,168
England,E92000001,Farnham and Bordon,E14001234,75920,53015,197
England,E92000001,Faversham and Mid Kent,E14001235,74301,46594,172
England,E92000001,Feltham and Heston,E14001236,76982,38887,165
Northern Ireland,N92000002,Fermanagh and South Tyrone,N05000007,77828,51076,260
England,E92000001,Filton and Bradley Stoke,E14001237,77582,50367,152
England,E92000001,Finchley and Golders Green,E14001238,77500,49289,202
England,E92000001,Folkestone and Hythe,E14001239,70056,43246,146
England,E92000001,Forest of Dean,E14001240,72857,48091,233
Northern Ireland,N92000002,Foyle,N05000008,73496,38358,310
England,E92000001,Frome and East Somerset,E14001241,70378,46716,143
England,E92000001,Fylde,E14001242,77100,47960,145
England,E92000001,Gainsborough,E14001243,75836,46685,177
England,E92000001,Gateshead Central and Whickham,E14001244,69827,40217,140
England,E92000001,Gedling,E14001245,77006,48722,176
England,E92000001,Gillingham and Rainham,E14001246,73523,41140,138
Scotland,S92000003,Glasgow East,S14000084,68987,35445,143
Scotland,S92000003,Glasgow North,S14000085,67579,34739,166
Scotland,S92000003,Glasgow North East,S14000086,72610,34091,81
Scotland,S92000003,Glasgow South,S14000087,70219,42378,144
Scotland,S92000003,Glasgow South West,S14000088,68871,35669,51
Scotland,S92000003,Glasgow West,S14000089,69028,39902,186
England,E92000001,Glastonbury and Somerton,E14001247,72982,47642,203
Scotland,S92000003,Glenrothes and Mid Fife,S14000090,70655,36139,124
England,E92000001,Gloucester,E14001248,79475,45692,144
England,E92000001,Godalming and Ash,E14001249,75816,54696,138
England,E92000001,Goole and Pocklington,E14001250,79925,49742,165
Scotland,S92000003,Gordon and Buchan,S14000091,69605,43848,166
England,E92000001,Gorton and Denton,E14001251,76524,36560,175
England,E92000001,Gosport,E14001252,73261,44277,134
Wales,W92000004,Gower,W07000097,76123,47229,160
England,E92000001,Grantham and Bourne,E14001253,73285,46125,150
England,E92000001,Gravesham,E14001254,73094,43232,134
England,E92000001,Great Grimsby and Cleethorpes,E14001255,76157,36619,97
England,E92000001,Great Yarmouth,E14001256,73317,40748,121
England,E92000001,Greenwich and Woolwich,E14001257,73073,42719,221
England,E92000001,Guildford,E14001258,70662,48294,162
England,E92000001,Hackney North and Stoke Newington,E14001259,77812,40959,254
England,E92000001,Hackney South and Shoreditch,E14001260,78277,41701,213
England,E92000001,Halesowen,E14001261,68549,38578,142
England,E92000001,Halifax,E14001262,77516,40214,149
England,E92000001,Hamble Valley,E14001263,79478,54004,187
Scotland,S92000003,Hamilton and Clyde Valley,S14000092,75480,42084,183
England,E92000001,Hammersmith and Chiswick,E14001264,75860,46021,260
England,E92000001,Hampstead and Highgate,E14001265,80029,48550,238
England,E92000001,"Harborough, Oadby and Wigston",E14001266,77075,50386,191
England,E92000001,Harlow,E14001267,74683,43357,117
England,E92000001,Harpenden and Berkhamsted,E14001268,72242,54336,188
England,E92000001,Harrogate and Knaresborough,E14001269,77955,52064,125
England,E92000001,Harrow East,E14001270,76513,47777,204
England,E92000001,Harrow West,E14001271,79902,45241,150
England,E92000001,Hartlepool,E14001272,71437,35511,88
England,E92000001,Harwich and North Essex,E14001273,76296,48043,195
England,E92000001,Hastings and Rye,E14001274,75939,45990,183
England,E92000001,Havant,E14001275,72323,42186,133
England,E92000001,Hayes and Harlington,E14001276,74405,38315,118
England,E92000001,Hazel Grove,E14001277,72846,45998,170
England,E92000001,Hemel Hempstead,E14001278,71035,44108,168
England,E92000001,Hendon,E14001279,74865,41256,190
England,E92000001,Henley and Thame,E14001280,73749,53157,174
England,E92000001,Hereford and South Herefordshire,E14001281,72203,45572,154
England,E92000001,Herne Bay and Sandwich,E14001282,77869,48827,196
England,E92000001,Hertford and Stortford,E14001283,78915,54009,203
England,E92000001,Hertsmere,E14001284,73465,48007,204
England,E92000001,Hexham,E14001285,76431,51828,433
England,E92000001,Heywood and Middleton North,E14001286,73328,37130,146
England,E92000001,High Peak,E14001287,74385,49206,178
England,E92000001,Hinckley and Bosworth,E14001288,76407,47799,147
England,E92000001,Hitchin,E14001289,75877,52510,179
England,E92000001,Holborn and St Pancras,E14001290,71300,38602,223
England,E92000001,Honiton and Sidmouth,E14001291,75537,50655,137
England,E92000001,Hornchurch and Upminster,E14001292,75438,46911,125
England,E92000001,Hornsey and Friern Barnet,E14001293,69885,48642,287
England,E92000001,Horsham,E14001294,79150,55499,225
England,E92000001,Houghton and Sunderland South,E14001295,78448,40032,101
England,E92000001,Hove and Portslade,E14001296,74063,51909,247
England,E92000001,Huddersfield,E14001297,77795,40165,147
England,E92000001,Huntingdon,E14001298,79074,52040,194
England,E92000001,Hyndburn,E14001299,67147,36374,149
England,E92000001,Ilford North,E14001300,78657,46888,121
England,E92000001,Ilford South,E14001301,80993,41170,167
Scotland,S92000003,Inverclyde and Renfrewshire West,S14000093,70126,40350,101
Scotland,S92000003,"Inverness, Skye and West Ross-shire",S14000094,77927,48056,168
England,E92000001,Ipswich,E14001302,75396,44071,167
England,E92000001,Isle of Wight East,E14001303,55855,34078,71
England,E92000001,Isle of Wight West,E14001304,55406,34290,78
England,E92000001,Islington North,E14001305,72852,49006,116
England,E92000001,Islington South and Finsbury,E14001306,74122,42754,199
England,E92000001,Jarrow and Gateshead East,E14001307,70272,36728,85
England,E92000001,Keighley and Ilkley,E14001308,74367,46186,175
England,E92000001,Kenilworth and Southam,E14001309,74923,53320,184
England,E92000001,Kensington and Bayswater,E14001310,77306,41908,213
England,E92000001,Kettering,E14001311,79360,50231,152
Scotland,S92000003,Kilmarnock and Loudoun,S14000110,74628,42478,134
England,E92000001,Kingston and Surbiton,E14001312,77353,50664,149
England,E92000001,Kingston upon Hull East,E14001313,70650,29816,88
England,E92000001,Kingston upon Hull North and Cottingham,E14001314,75280,38228,137
England,E92000001,Kingston upon Hull West and Haltemprice,E14001315,73252,38178,116
England,E92000001,Kingswinford and South Staffordshire,E14001316,71645,45180,146
England,E92000001,Knowsley,E14001317,71964,36047,88
Northern Ireland,N92000002,Lagan Valley,N05000009,82201,49081,162
England,E92000001,Lancaster and Wyre,E14001318,74760,43008,199
England,E92000001,Leeds Central and Headingley,E14001319,70554,31595,135
England,E92000001,Leeds East,E14001320,76207,39388,129
England,E92000001,Leeds North East,E14001321,70178,45167,221
England,E92000001,Leeds North West,E14001322,71592,49777,176
England,E92000001,Leeds South,E14001323,75953,31678,473
England,E92000001,Leeds South West and Morley,E14001324,71854,40209,114
England,E92000001,Leeds West and Pudsey,E14001325,70069,38494,121
England,E92000001,Leicester East,E14001326,76560,46714,255
England,E92000001,Leicester South,E14001327,70867,41837,158
England,E92000001,Leicester West,E14001328,74102,35397,161
England,E92000001,Leigh and Atherton,E14001329,79978,41170,147
England,E92000001,Lewes,E14001330,76166,53173,171
England,E92000001,Lewisham East,E14001331,73380,40637,192
England,E92000001,Lewisham North,E14001332,74205,44167,262
England,E92000001,Lewisham West and East Dulwich,E14001333,69386,46414,213
England,E92000001,Leyton and Wanstead,E14001334,71491,43732,208
England,E92000001,Lichfield,E14001335,76118,49104,159
England,E92000001,Lincoln,E14001336,72315,42160,165
England,E92000001,Liverpool Garston,E14001337,69282,41993,155
England,E92000001,Liverpool Riverside,E14001338,71380,32381,156
England,E92000001,Liverpool Walton,E14001339,69317,36886,132
England,E92000001,Liverpool Wavertree,E14001340,70581,39815,231
England,E92000001,Liverpool West Derby,E14001341,69934,38006,162
Scotland,S92000003,Livingston,S14000095,78043,44840,121
Wales,W92000004,Llanelli,W07000098,71538,40744,124
Scotland,S92000003,Lothian East,S14000096,75456,48102,132
England,E92000001,Loughborough,E14001342,68961,42259,177
England,E92000001,Louth and Horncastle,E14001343,76880,46479,131
England,E92000001,Lowestoft,E14001344,74332,41824,101
England,E92000001,Luton North,E14001345,74866,38745,162
England,E92000001,Luton South and South Bedfordshire,E14001346,77312,38382,176
England,E92000001,Macclesfield,E14001347,74876,52792,143
England,E92000001,Maidenhead,E14001348,75687,50329,516
England,E92000001,Maidstone and Malling,E14001349,76449,46389,131
England,E92000001,Makerfield,E14001350,76641,40263,135
England,E92000001,Maldon,E14001351,78282,49841,199
England,E92000001,Manchester Central,E14001352,85204,39725,181
England,E92000001,Manchester Rusholme,E14001353,72608,29033,193
England,E92000001,Manchester Withington,E14001354,70555,41731,240
England,E92000001,Mansfield,E14001355,74535,41087,114
England,E92000001,Melksham and Devizes,E14001356,73482,51203,203
England,E92000001,Melton and Syston,E14001357,74316,45986,163
England,E92000001,Meriden and Solihull East,E14001358,73659,44035,161
Wales,W92000004,Merthyr Tydfil and Aberdare,W07000099,74460,35215,115
Wales,W92000004,Mid and South Pembrokeshire,W07000100,79033,46629,147
England,E92000001,Mid Bedfordshire,E14001359,75457,49621,179
England,E92000001,Mid Buckinghamshire,E14001360,75622,53951,231
England,E92000001,Mid Cheshire,E14001361,70384,41509,115
England,E92000001,Mid Derbyshire,E14001362,69917,47543,153
England,E92000001,Middlesbrough and Thornaby East,E14001367,75123,34407,92
England,E92000001,Middlesbrough South and East Cleveland,E14001368,70331,38035,529
England,E92000001,Mid Dorset and North Poole,E14001363,75294,49514,798
Scotland,S92000003,Mid Dunbartonshire,S14000097,73603,52738,132
England,E92000001,Mid Leicestershire,E14001364,75924,48050,181
Scotland,S92000003,Midlothian,S14000045,73554,44165,162
England,E92000001,Mid Norfolk,E14001365,75238,45897,222
England,E92000001,Mid Sussex,E14001366,75969,53328,145
Northern Ireland,N92000002,Mid Ulster,N05000010,74000,45445,246
England,E92000001,Milton Keynes Central,E14001369,81078,47729,201
England,E92000001,Milton Keynes North,E14001370,70709,45977,184
England,E92000001,Mitcham and Morden,E14001371,77282,45255,182
Wales,W92000004,Monmouthshire,W07000101,74823,50844,154
Wales,W92000004,Montgomeryshire and Glyndŵr,W07000102,74039,43259,193
Scotland,S92000003,"Moray West, Nairn and Strathspey",S14000098,77243,46554,167
England,E92000001,Morecambe and Lunesdale,E14001372,76424,48059,171
Scotland,S92000003,"Motherwell, Wishaw and Carluke",S14000099,71777,39026,125
Scotland,S92000003,Na h-Eileanan an Iar,S14000027,21325,13528,53
Wales,W92000004,Neath and Swansea East,W07000103,76291,40137,132
England,E92000001,Newark,E14001375,79783,53459,198
England,E92000001,Newbury,E14001376,71982,48930,173
England,E92000001,Newcastle-under-Lyme,E14001380,67815,39618,158
England,E92000001,Newcastle upon Tyne Central and West,E14001377,76822,41355,167
England,E92000001,Newcastle upon Tyne East and Wallsend,E14001378,76245,42321,123
England,E92000001,Newcastle upon Tyne North,E14001379,74768,48617,197
England,E92000001,New Forest East,E14001373,70618,45230,146
England,E92000001,New Forest West,E14001374,68644,46337,152
Wales,W92000004,Newport East,W07000104,76683,38531,154
Wales,W92000004,Newport West and Islwyn,W07000105,75785,41951,163
Northern Ireland,N92000002,Newry and Armagh,N05000011,78244,45942,294
England,E92000001,Newton Abbot,E14001381,73885,47992,158
England,E92000001,Newton Aycliffe and Spennymoor,E14001382,72215,39846,79
England,E92000001,Normanton and Hemsworth,E14001383,75645,36349,137
England,E92000001,Northampton North,E14001406,75575,41813,138
England,E92000001,Northampton South,E14001407,70393,43904,159
Northern Ireland,N92000002,North Antrim,N05000012,74697,41185,176
Scotland,S92000003,North Ayrshire and Arran,S14000048,72176,42262,161
England,E92000001,North Bedfordshire,E14001384,78850,51561,210
England,E92000001,North Cornwall,E14001385,76741,51245,47
England,E92000001,North Cotswolds,E14001386,73203,50229,188
England,E92000001,North Devon,E14001387,79079,51417,132
England,E92000001,North Dorset,E14001388,72690,49683,153
Northern Ireland,N92000002,North Down,N05000013,73885,43296,168
England,E92000001,North Durham,E14001389,73226,41565,162
England,E92000001,North East Cambridgeshire,E14001390,71511,39176,145
England,E92000001,North East Derbyshire,E14001391,73234,45866,120
Scotland,S92000003,North East Fife,S14000100,69762,42728,147
England,E92000001,North East Hampshire,E14001392,76923,55560,143
England,E92000001,North East Hertfordshire,E14001393,77697,52520,173
England,E92000001,North East Somerset and Hanham,E14001394,73889,51125,142
England,E92000001,North Herefordshire,E14001395,72797,50362,145
England,E92000001,North Norfolk,E14001396,71438,47043,138
England,E92000001,North Northumberland,E14001397,74190,48843,149
England,E92000001,North Shropshire,E14001398,77573,49594,120
England,E92000001,North Somerset,E14001399,74426,53766,177
England,E92000001,North Warwickshire and Bedworth,E14001400,69752,40940,141
England,E92000001,North West Cambridgeshire,E14001401,75915,44424,184
England,E92000001,North West Essex,E14001402,79698,54386,215
England,E92000001,North West Hampshire,E14001403,78629,50823,171
England,E92000001,North West Leicestershire,E14001404,77750,48572,137
England,E92000001,North West Norfolk,E14001405,74415,44566,187
England,E92000001,Norwich North,E14001408,73717,45765,185
England,E92000001,Norwich South,E14001409,76296,45095,179
England,E92000001,Nottingham East,E14001410,69395,36401,226
England,E92000001,Nottingham North and Kimberley,E14001411,73768,35007,200
England,E92000001,Nottingham South,E14001412,64255,32879,164
England,E92000001,Nuneaton,E14001413,71843,41213,105
England,E92000001,Old Bexley and Sidcup,E14001414,73198,47633,126
England,E92000001,Oldham East and Saddleworth,E14001415,73460,40065,157
England,E92000001,"Oldham West, Chadderton and Royton",E14001416,76031,38573,199
Scotland,S92000003,Orkney and Shetland,S14000051,34236,20688,106
England,E92000001,Orpington,E14001417,71284,46073,165
England,E92000001,Ossett and Denby Dale,E14001418,72312,43873,120
England,E92000001,Oxford East,E14001419,71845,39341,390
England,E92000001,Oxford West and Abingdon,E14001420,69851,45998,196
Scotland,S92000003,Paisley and Renfrewshire North,S14000101,71103,41519,144
Scotland,S92000003,Paisley and Renfrewshire South,S14000102,71574,41283,133
England,E92000001,Peckham,E14001421,72127,38797,226
England,E92000001,Pendle and Clitheroe,E14001422,78796,46754,158
England,E92000001,Penistone and Stocksbridge,E14001423,70435,43965,167
England,E92000001,Penrith and Solway,E14001424,77935,49281,148
Scotland,S92000003,Perth and Kinross-shire,S14000103,77261,50077,142
England,E92000001,Peterborough,E14001425,73378,41872,143
England,E92000001,Plymouth Moor View,E14001426,74724,42856,118
England,E92000001,Plymouth Sutton and Devonport,E14001427,75313,42095,193
England,E92000001,"Pontefract, Castleford and Knottingley",E14001428,74618,35957,123
Wales,W92000004,Pontypridd,W07000106,75951,39378,116
England,E92000001,Poole,E14001429,72509,44495,148
England,E92000001,Poplar and Limehouse,E14001430,84116,43051,316
England,E92000001,Portsmouth North,E14001431,70446,41593,148
England,E92000001,Portsmouth South,E14001432,73711,38928,180
England,E92000001,Preston,E14001433,77400,39993,139
England,E92000001,Putney,E14001434,72686,49295,218
England,E92000001,Queen&#39;s Park and Maida Vale,E14001435,75558,38343,275
England,E92000001,Rawmarsh and Conisbrough,E14001436,69133,33904,109
England,E92000001,Rayleigh and Wickford,E14001437,76576,47978,166
England,E92000001,Reading Central,E14001438,73600,45291,216
England,E92000001,Reading West and Mid Berkshire,E14001439,68781,46551,151
England,E92000001,Redcar,E14001440,70241,38209,103
England,E92000001,Redditch,E14001441,71042,42375,126
England,E92000001,Reigate,E14001442,77102,53161,198
Wales,W92000004,Rhondda and Ogmore,W07000107,74493,35806,136
England,E92000001,Ribble Valley,E14001443,80484,52023,181
England,E92000001,Richmond and Northallerton,E14001444,73886,48526,99
England,E92000001,Richmond Park,E14001445,74988,51517,218
England,E92000001,Rochdale,E14001446,72507,39688,95
England,E92000001,Rochester and Strood,E14001447,74257,42598,135
England,E92000001,Romford,E14001448,72928,44047,132
England,E92000001,Romsey and Southampton North,E14001449,71871,50027,151
England,E92000001,Rossendale and Darwen,E14001450,74440,44618,138
England,E92000001,Rotherham,E14001452,75929,36932,364
England,E92000001,Rother Valley,E14001451,69459,41608,104
England,E92000001,Rugby,E14001453,74901,49004,196
England,E92000001,"Ruislip, Northwood and Pinner",E14001454,69904,47091,160
England,E92000001,Runcorn and Helsby,E14001455,70801,42235,171
England,E92000001,Runnymede and Weybridge,E14001456,73610,48253,156
England,E92000001,Rushcliffe,E14001457,79160,57744,212
Scotland,S92000003,Rutherglen,S14000104,72674,42484,129
England,E92000001,Rutland and Stamford,E14001458,71763,48577,135
England,E92000001,Salford,E14001459,83633,39704,185
England,E92000001,Salisbury,E14001460,71802,50173,174
England,E92000001,Scarborough and Whitby,E14001461,74544,44221,120
England,E92000001,Scunthorpe,E14001462,73855,39051,103
England,E92000001,Sefton Central,E14001463,74284,47449,225
England,E92000001,Selby,E14001464,78043,49222,161
England,E92000001,Sevenoaks,E14001465,73708,49899,151
England,E92000001,Sheffield Brightside and Hillsborough,E14001466,70389,31612,529
England,E92000001,Sheffield Central,E14001467,60594,31803,287
England,E92000001,Sheffield Hallam,E14001468,72900,51601,504
England,E92000001,Sheffield Heeley,E14001469,73452,38446,638
England,E92000001,Sheffield South East,E14001470,74156,35771,796
England,E92000001,Sherwood Forest,E14001471,78896,48660,161
England,E92000001,Shipley,E14001472,74130,48303,147
England,E92000001,Shrewsbury,E14001473,76599,51560,195
England,E92000001,Sittingbourne and Sheppey,E14001474,79067,40998,90
England,E92000001,Skipton and Ripon,E14001475,79251,53450,164
England,E92000001,Sleaford and North Hykeham,E14001476,75651,48565,196
England,E92000001,Slough,E14001477,81295,43278,167
England,E92000001,Smethwick,E14001478,72863,35115,211
England,E92000001,Solihull West and Shirley,E14001479,71816,46877,151
England,E92000001,Southampton Itchen,E14001499,68379,38053,124
England,E92000001,Southampton Test,E14001500,65520,35805,160
Northern Ireland,N92000002,South Antrim,N05000014,77058,42908,181
England,E92000001,South Basildon and East Thurrock,E14001480,72673,39549,123
England,E92000001,South Cambridgeshire,E14001481,77327,54885,228
England,E92000001,South Cotswolds,E14001482,71971,52287,163
England,E92000001,South Derbyshire,E14001483,73714,45737,153
England,E92000001,South Devon,E14001484,72261,49004,142
England,E92000001,South Dorset,E14001485,75924,49037,171
Northern Ireland,N92000002,South Down,N05000015,76248,45243,228
England,E92000001,South East Cornwall,E14001486,72654,49286,136
England,E92000001,Southend East and Rochford,E14001501,70217,39656,145
England,E92000001,Southend West and Leigh,E14001502,75154,46968,163
England,E92000001,Southgate and Wood Green,E14001503,77542,45671,256
England,E92000001,South Holland and The Deepings,E14001487,78473,45930,133
England,E92000001,South Leicestershire,E14001488,78511,51359,183
England,E92000001,South Norfolk,E14001489,74006,49579,164
England,E92000001,South Northamptonshire,E14001490,70393,53697,187
England,E92000001,Southport,E14001504,73641,45059,127
England,E92000001,South Ribble,E14001491,73420,46720,170
England,E92000001,South Shields,E14001492,68366,36824,88
England,E92000001,South Shropshire,E14001493,76677,51653,209
England,E92000001,South Suffolk,E14001494,74619,48801,183
England,E92000001,South West Devon,E14001495,77600,52242,119
England,E92000001,South West Hertfordshire,E14001496,71737,48254,145
England,E92000001,South West Norfolk,E14001497,74724,44335,139
England,E92000001,South West Wiltshire,E14001498,73071,46168,167
England,E92000001,Spelthorne,E14001505,73782,46166,144
England,E92000001,Spen Valley,E14001506,72642,41058,137
England,E92000001,Stafford,E14001513,70608,46009,160
England,E92000001,Staffordshire Moorlands,E14001514,69892,43302,188
England,E92000001,St Albans,E14001507,72739,51614,203
England,E92000001,Stalybridge and Hyde,E14001515,72265,37239,117
England,E92000001,St Austell and Newquay,E14001508,76076,46732,130
England,E92000001,Stevenage,E14001516,70976,42715,155
England,E92000001,St Helens North,E14001509,75483,40474,155
England,E92000001,St Helens South and Whiston,E14001510,71569,38035,85
Scotland,S92000003,Stirling and Strathallan,S14000105,76284,49782,242
England,E92000001,St Ives,E14001511,69978,48106,150
England,E92000001,St Neots and Mid Cambridgeshire,E14001512,78115,52882,138
England,E92000001,Stockport,E14001517,76632,43683,185
England,E92000001,Stockton North,E14001518,70242,37401,125
England,E92000001,Stockton West,E14001519,71868,48638,114
England,E92000001,Stoke-on-Trent Central,E14001520,73812,35289,137
England,E92000001,Stoke-on-Trent North,E14001521,69854,36150,103
England,E92000001,Stoke-on-Trent South,E14001522,70002,40942,120
England,E92000001,"Stone, Great Wyrley and Penkridge",E14001523,71561,42770,727
England,E92000001,Stourbridge,E14001524,68311,39878,113
Northern Ireland,N92000002,Strangford,N05000016,74525,38909,135
England,E92000001,Stratford and Bow,E14001525,80735,43435,287
England,E92000001,Stratford-on-Avon,E14001526,75714,52959,179
England,E92000001,Streatham and Croydon North,E14001527,82829,44553,190
England,E92000001,Stretford and Urmston,E14001528,75153,46002,168
England,E92000001,Stroud,E14001529,77905,55221,227
England,E92000001,Suffolk Coastal,E14001530,74522,49451,189
England,E92000001,Sunderland Central,E14001531,76145,39957,99
England,E92000001,Surrey Heath,E14001532,71934,47788,140
England,E92000001,Sussex Weald,E14001533,72885,49175,190
England,E92000001,Sutton and Cheam,E14001534,72303,47606,139
England,E92000001,Sutton Coldfield,E14001535,74080,48333,172
Wales,W92000004,Swansea West,W07000108,74236,35657,130
England,E92000001,Swindon North,E14001536,73224,44165,124
England,E92000001,Swindon South,E14001537,72575,44794,147
England,E92000001,Tamworth,E14001538,75055,43788,116
England,E92000001,Tatton,E14001539,74237,51909,198
England,E92000001,Taunton and Wellington,E14001540,78680,50294,167
England,E92000001,Telford,E14001541,73808,40730,148
England,E92000001,Tewkesbury,E14001542,73458,48539,150
England,E92000001,The Wrekin,E14001543,78942,50020,163
England,E92000001,Thirsk and Malton,E14001544,78468,49797,169
England,E92000001,Thornbury and Yate,E14001545,78192,53367,148
England,E92000001,Thurrock,E14001546,73392,37558,97
England,E92000001,Tipton and Wednesbury,E14001547,74098,31850,139
England,E92000001,Tiverton and Minehead,E14001548,72087,47491,197
England,E92000001,Tonbridge,E14001549,72799,50328,150
England,E92000001,Tooting,E14001550,76168,52943,255
England,E92000001,Torbay,E14001551,76185,46115,110
Wales,W92000004,Torfaen,W07000109,71738,35705,117
England,E92000001,Torridge and Tavistock,E14001552,74727,50820,170
England,E92000001,Tottenham,E14001553,75906,40148,250
England,E92000001,Truro and Falmouth,E14001554,72982,50264,163
England,E92000001,Tunbridge Wells,E14001555,78738,54250,191
England,E92000001,Twickenham,E14001556,74980,53635,226
England,E92000001,Tynemouth,E14001557,73194,48418,136
Northern Ireland,N92000002,Upper Bann,N05000017,81249,47358,241
England,E92000001,Uxbridge and South Ruislip,E14001558,74745,45914,175
Wales,W92000004,Vale of Glamorgan,W07000110,74465,45826,139
England,E92000001,Vauxhall and Camberwell Green,E14001559,77527,37536,261
England,E92000001,Wakefield and Rothwell,E14001560,75067,40656,112
England,E92000001,Wallasey,E14001561,74082,42746,168
England,E92000001,Walsall and Bloxwich,E14001562,74951,37191,141
England,E92000001,Walthamstow,E14001563,74474,45668,255
England,E92000001,Warrington North,E14001564,70601,40041,125
England,E92000001,Warrington South,E14001565,78394,49672,192
England,E92000001,Warwick and Leamington,E14001566,76294,49198,245
England,E92000001,Washington and Gateshead South,E14001567,70972,37021,100
England,E92000001,Watford,E14001568,73100,44455,192
England,E92000001,Waveney Valley,E14001569,73056,49072,131
England,E92000001,Weald of Kent,E14001570,75987,50712,257
England,E92000001,Wellingborough and Rushden,E14001571,77542,43985,145
England,E92000001,Wells and Mendip Hills,E14001572,72051,50368,149
England,E92000001,Welwyn Hatfield,E14001573,75259,48455,192
Scotland,S92000003,West Aberdeenshire and Kincardine,S14000111,72994,48958,161
England,E92000001,West Bromwich,E14001574,74025,36481,136
England,E92000001,West Dorset,E14001575,75924,52605,618
Scotland,S92000003,West Dunbartonshire,S14000106,69074,39584,123
England,E92000001,West Ham and Beckton,E14001576,78964,36348,149
England,E92000001,West Lancashire,E14001577,74081,44200,224
England,E92000001,Westmorland and Lonsdale,E14001580,72029,49533,115
England,E92000001,Weston-super-Mare,E14001581,71396,42390,143
England,E92000001,West Suffolk,E14001578,77145,46161,173
Northern Ireland,N92000002,West Tyrone,N05000018,74269,43695,262
England,E92000001,West Worcestershire,E14001579,79246,54687,191
England,E92000001,Wetherby and Easingwold,E14001582,74314,52259,171
England,E92000001,Whitehaven and Workington,E14001583,73198,41840,159
England,E92000001,Widnes and Halewood,E14001584,70161,38116,95
England,E92000001,Wigan,E14001585,77538,40899,124
England,E92000001,Wimbledon,E14001586,76334,54985,171
England,E92000001,Winchester,E14001587,78289,57076,185
England,E92000001,Windsor,E14001588,73334,45246,173
England,E92000001,Wirral West,E14001589,72838,49951,187
England,E92000001,Witham,E14001590,78991,50603,171
England,E92000001,Witney,E14001591,75448,50584,158
England,E92000001,Woking,E14001592,72969,48145,171
England,E92000001,Wokingham,E14001593,75082,53999,199
England,E92000001,Wolverhampton North East,E14001594,70715,33289,107
England,E92000001,Wolverhampton South East,E14001595,77473,33382,129
England,E92000001,Wolverhampton West,E14001596,77851,43657,153
England,E92000001,Worcester,E14001597,74931,46036,179
England,E92000001,Worsley and Eccles,E14001598,78643,42543,164
England,E92000001,Worthing West,E14001599,77039,50997,178
Wales,W92000004,Wrexham,W07000111,70269,40373,128
England,E92000001,Wycombe,E14001600,73415,44637,174
England,E92000001,Wyre Forest,E14001601,77329,45158,137
England,E92000001,Wythenshawe and Sale East,E14001602,77767,39132,142
England,E92000001,Yeovil,E14001603,79918,48952,109
Wales,W92000004,Ynys Môn,W07000112,53141,32628,79
England,E92000001,York Central,E14001604,79557,43323,228
England,E92000001,York Outer,E14001605,76228,51106,184
